"dimension","Birth","Death"
0,0,1
0,0,0.57
0,0,0.163
0,0,0.075
0,0,0.053
0,0,0.028
0,0,0.018
0,0,0.017
0,0,0.013
0,0,0.011
0,0,0.01
0,0,0.005
0,0,0.004
0,0,0.004
0,0,0.004
0,0,0.003
0,0,0.003
0,0,0.002
0,0,0.002
0,0,0.001
0,0,0.001
0,0,0.001
0,0,0.001
0,0,0.001
0,0,0.001
0,0,0.001
0,0,0.001
0,0,0.000999999999999999
0,0,0.000999999999999999
0,0,0.000999999999999997
