"dimension","Birth","Death"
0,0,1
0,0,0.074
0,0,0.043
0,0,0.035
0,0,0.0349999999999999
0,0,0.0309999999999999
0,0,0.029
0,0,0.029
0,0,0.0289999999999999
0,0,0.028
0,0,0.027
0,0,0.027
0,0,0.025
0,0,0.025
0,0,0.024
0,0,0.022
0,0,0.021
0,0,0.021
0,0,0.02
0,0,0.017
0,0,0.014
0,0,0.014
0,0,0.014
0,0,0.014
0,0,0.013
0,0,0.013
0,0,0.013
0,0,0.012
0,0,0.012
0,0,0.012
0,0,0.012
0,0,0.01
0,0,0.00900000000000001
0,0,0.00900000000000001
0,0,0.00900000000000001
0,0,0.00900000000000001
0,0,0.00800000000000001
0,0,0.00800000000000001
0,0,0.00799999999999999
0,0,0.00700000000000001
0,0,0.00700000000000001
0,0,0.00600000000000001
0,0,0.00600000000000001
0,0,0.00600000000000001
0,0,0.00600000000000001
0,0,0.005
0,0,0.005
0,0,0.005
0,0,0.005
0,0,0.005
0,0,0.004
0,0,0.004
0,0,0.004
0,0,0.004
0,0,0.004
0,0,0.004
0,0,0.004
0,0,0.004
0,0,0.004
0,0,0.003
0,0,0.003
0,0,0.003
0,0,0.003
0,0,0.003
0,0,0.003
0,0,0.003
0,0,0.003
0,0,0.003
0,0,0.003
0,0,0.003
0,0,0.003
0,0,0.00299999999999997
0,0,0.00299999999999995
0,0,0.002
0,0,0.002
0,0,0.002
0,0,0.002
0,0,0.002
0,0,0.002
0,0,0.002
0,0,0.002
0,0,0.002
0,0,0.002
0,0,0.002
0,0,0.002
0,0,0.00199999999999999
0,0,0.00199999999999999
0,0,0.00199999999999999
0,0,0.001
0,0,0.001
0,0,0.001
0,0,0.001
0,0,0.001
0,0,0.001
0,0,0.001
0,0,0.001
0,0,0.001
0,0,0.001
0,0,0.001
0,0,0.001
0,0,0.001
0,0,0.001
0,0,0.001
0,0,0.001
0,0,0.001
0,0,0.001
0,0,0.001
0,0,0.001
0,0,0.001
0,0,0.001
0,0,0.001
0,0,0.001
0,0,0.001
0,0,0.001
0,0,0.001
0,0,0.001
0,0,0.001
0,0,0.001
0,0,0.001
0,0,0.001
0,0,0.001
0,0,0.001
0,0,0.001
0,0,0.001
0,0,0.001
0,0,0.001
0,0,0.001
0,0,0.001
0,0,0.001
0,0,0.001
0,0,0.000999999999999999
0,0,0.000999999999999999
0,0,0.000999999999999999
0,0,0.000999999999999999
0,0,0.000999999999999997
0,0,0.000999999999999997
0,0,0.000999999999999997
0,0,0.000999999999999997
0,0,0.000999999999999994
0,0,0.000999999999999994
0,0,0.000999999999999994
