"dimension","Birth","Death"
0,0,1
0,0,0.057
0,0,0.047
0,0,0.045
0,0,0.0449999999999999
0,0,0.036
0,0,0.034
0,0,0.032
0,0,0.03
0,0,0.027
0,0,0.026
0,0,0.025
0,0,0.0239999999999999
0,0,0.023
0,0,0.022
0,0,0.021
0,0,0.02
0,0,0.019
0,0,0.019
0,0,0.019
0,0,0.018
0,0,0.017
0,0,0.017
0,0,0.015
0,0,0.014
0,0,0.014
0,0,0.0139999999999999
0,0,0.0129999999999999
0,0,0.012
0,0,0.012
0,0,0.012
0,0,0.012
0,0,0.012
0,0,0.011
0,0,0.011
0,0,0.011
0,0,0.01
0,0,0.01
0,0,0.01
0,0,0.00900000000000001
0,0,0.00800000000000001
0,0,0.00800000000000001
0,0,0.00800000000000001
0,0,0.00700000000000001
0,0,0.00700000000000001
0,0,0.00600000000000001
0,0,0.00600000000000001
0,0,0.00600000000000001
0,0,0.005
0,0,0.005
0,0,0.005
0,0,0.005
0,0,0.005
0,0,0.005
0,0,0.00499999999999999
0,0,0.004
0,0,0.004
0,0,0.004
0,0,0.004
0,0,0.004
0,0,0.003
0,0,0.003
0,0,0.003
0,0,0.003
0,0,0.003
0,0,0.003
0,0,0.003
0,0,0.003
0,0,0.002
0,0,0.002
0,0,0.002
0,0,0.002
0,0,0.002
0,0,0.002
0,0,0.002
0,0,0.002
0,0,0.002
0,0,0.001
0,0,0.001
0,0,0.001
0,0,0.001
0,0,0.001
0,0,0.001
