"dimension","Birth","Death"
0,0,1
0,0,0.214
0,0,0.16
0,0,0.096
0,0,0.0459999999999999
0,0,0.04
0,0,0.034
0,0,0.02
0,0,0.018
0,0,0.01
0,0,0.00700000000000001
0,0,0.005
0,0,0.002
