"dimension","Birth","Death"
0,0,1
0,0,0.093
0,0,0.07
0,0,0.05
0,0,0.0499999999999999
0,0,0.0489999999999999
0,0,0.047
0,0,0.043
0,0,0.038
0,0,0.035
0,0,0.032
0,0,0.029
0,0,0.029
0,0,0.026
0,0,0.023
0,0,0.022
0,0,0.022
0,0,0.02
0,0,0.02
0,0,0.019
0,0,0.019
0,0,0.018
0,0,0.018
0,0,0.016
0,0,0.016
0,0,0.014
0,0,0.013
0,0,0.012
0,0,0.011
0,0,0.011
0,0,0.01
0,0,0.00900000000000001
0,0,0.00900000000000001
0,0,0.00900000000000001
0,0,0.00800000000000001
0,0,0.00800000000000001
0,0,0.008
0,0,0.00600000000000001
0,0,0.00600000000000001
0,0,0.00599999999999999
0,0,0.005
0,0,0.005
0,0,0.005
0,0,0.00499999999999999
0,0,0.00499999999999999
0,0,0.004
0,0,0.004
0,0,0.003
0,0,0.002
0,0,0.001
0,0,0.001
0,0,0.001
0,0,0.001
0,0,0.001
