"dimension","Birth","Death"
0,0,1
0,0,0.169
0,0,0.08
0,0,0.0609999999999999
0,0,0.051
0,0,0.0449999999999999
0,0,0.039
0,0,0.037
0,0,0.027
0,0,0.027
0,0,0.026
0,0,0.023
0,0,0.016
0,0,0.014
0,0,0.005
