"dimension","Birth","Death"
0,0,1
0,0,0.17
0,0,0.074
0,0,0.072
0,0,0.042
0,0,0.035
0,0,0.034
0,0,0.032
0,0,0.03
0,0,0.03
0,0,0.029
0,0,0.02
0,0,0.016
0,0,0.0159999999999999
0,0,0.013
0,0,0.013
0,0,0.013
0,0,0.012
0,0,0.012
0,0,0.011
0,0,0.011
0,0,0.01
0,0,0.01
0,0,0.01
0,0,0.01
0,0,0.00900000000000001
0,0,0.00900000000000001
0,0,0.00900000000000001
0,0,0.00899999999999999
0,0,0.00899999999999998
0,0,0.00800000000000001
0,0,0.00800000000000001
0,0,0.00800000000000001
0,0,0.00800000000000001
0,0,0.00799999999999998
0,0,0.00700000000000001
0,0,0.00700000000000001
0,0,0.00600000000000001
0,0,0.00600000000000001
0,0,0.00600000000000001
0,0,0.00600000000000001
0,0,0.00599999999999999
0,0,0.005
0,0,0.005
0,0,0.005
0,0,0.004
0,0,0.004
0,0,0.004
0,0,0.004
0,0,0.004
0,0,0.004
0,0,0.004
0,0,0.00399999999999999
0,0,0.00399999999999998
0,0,0.003
0,0,0.003
0,0,0.003
0,0,0.003
0,0,0.003
0,0,0.003
0,0,0.003
0,0,0.003
0,0,0.003
0,0,0.003
0,0,0.002
0,0,0.002
0,0,0.002
0,0,0.002
0,0,0.002
0,0,0.002
0,0,0.002
0,0,0.002
0,0,0.002
0,0,0.002
0,0,0.00199999999999999
0,0,0.00199999999999997
0,0,0.001
0,0,0.001
0,0,0.001
0,0,0.001
0,0,0.001
0,0,0.001
0,0,0.001
0,0,0.001
0,0,0.001
0,0,0.001
