"dimension","Birth","Death"
0,0,1
0,0,0.0910000000000001
0,0,0.044
0,0,0.041
0,0,0.0409999999999999
0,0,0.039
0,0,0.039
0,0,0.036
0,0,0.036
0,0,0.0359999999999999
0,0,0.035
0,0,0.035
0,0,0.035
0,0,0.033
0,0,0.032
0,0,0.031
0,0,0.029
0,0,0.0289999999999999
0,0,0.023
0,0,0.019
0,0,0.019
0,0,0.018
0,0,0.018
0,0,0.018
0,0,0.015
0,0,0.015
0,0,0.015
0,0,0.014
0,0,0.012
0,0,0.012
0,0,0.011
0,0,0.01
0,0,0.01
0,0,0.01
0,0,0.01
0,0,0.00900000000000001
0,0,0.009
0,0,0.00800000000000001
0,0,0.007
0,0,0.0069999999999999
0,0,0.00600000000000001
0,0,0.00600000000000001
0,0,0.005
0,0,0.004
0,0,0.003
0,0,0.003
0,0,0.003
0,0,0.003
0,0,0.002
0,0,0.002
0,0,0.002
0,0,0.002
0,0,0.001
0,0,0.001
0,0,0.001
0,0,0.001
0,0,0.000999999999999997
