"dimension","Birth","Death"
0,0,1
0,0,0.119
0,0,0.0740000000000001
0,0,0.06
0,0,0.056
0,0,0.052
0,0,0.042
0,0,0.0419999999999999
0,0,0.039
0,0,0.037
0,0,0.033
0,0,0.0329999999999999
0,0,0.03
0,0,0.025
0,0,0.0239999999999999
0,0,0.022
0,0,0.022
0,0,0.02
0,0,0.018
0,0,0.017
0,0,0.017
0,0,0.015
0,0,0.013
0,0,0.013
0,0,0.012
0,0,0.011
0,0,0.011
0,0,0.01
0,0,0.01
0,0,0.01
0,0,0.00900000000000001
0,0,0.00800000000000001
0,0,0.005
0,0,0.005
0,0,0.005
0,0,0.005
0,0,0.005
0,0,0.00499999999999999
0,0,0.004
0,0,0.003
0,0,0.003
0,0,0.003
0,0,0.002
0,0,0.002
0,0,0.002
0,0,0.002
0,0,0.00199999999999997
0,0,0.00199999999999997
0,0,0.001
0,0,0.001
0,0,0.001
0,0,0.001
0,0,0.001
0,0,0.001
0,0,0.001
