"dimension","Birth","Death"
0,0,1
0,0,0.374
0,0,0.087
0,0,0.066
0,0,0.041
0,0,0.039
0,0,0.037
0,0,0.035
0,0,0.034
0,0,0.032
0,0,0.026
0,0,0.016
0,0,0.014
0,0,0.012
0,0,0.012
0,0,0.012
0,0,0.012
0,0,0.011
0,0,0.011
0,0,0.00900000000000001
0,0,0.00800000000000001
0,0,0.00799999999999999
0,0,0.00799999999999998
0,0,0.007
0,0,0.00600000000000001
0,0,0.006
0,0,0.005
0,0,0.005
0,0,0.005
0,0,0.004
0,0,0.004
0,0,0.004
0,0,0.003
0,0,0.003
0,0,0.003
0,0,0.003
0,0,0.003
0,0,0.003
0,0,0.003
0,0,0.002
0,0,0.002
0,0,0.002
0,0,0.002
0,0,0.002
0,0,0.002
0,0,0.002
0,0,0.002
0,0,0.001
0,0,0.001
0,0,0.001
0,0,0.001
0,0,0.001
0,0,0.001
0,0,0.001
0,0,0.001
0,0,0.001
0,0,0.001
0,0,0.000999999999999999
0,0,0.000999999999999999
