"dimension","Birth","Death"
0,0,1
0,0,0.094
0,0,0.06
0,0,0.0569999999999999
0,0,0.044
0,0,0.044
0,0,0.042
0,0,0.038
0,0,0.036
0,0,0.0339999999999999
0,0,0.032
0,0,0.0319999999999999
0,0,0.028
0,0,0.024
0,0,0.023
0,0,0.021
0,0,0.021
0,0,0.0179999999999999
0,0,0.017
0,0,0.017
0,0,0.016
0,0,0.015
0,0,0.015
0,0,0.014
0,0,0.013
0,0,0.012
0,0,0.012
0,0,0.011
0,0,0.011
0,0,0.01
0,0,0.01
0,0,0.01
0,0,0.00900000000000001
0,0,0.00800000000000001
0,0,0.00700000000000001
0,0,0.00700000000000001
0,0,0.005
0,0,0.004
0,0,0.003
0,0,0.003
0,0,0.003
0,0,0.00299999999999995
0,0,0.002
0,0,0.002
0,0,0.002
0,0,0.001
0,0,0.001
0,0,0.001
