"dimension","Birth","Death"
0,0,1
0,0,0.446
0,0,0.128
0,0,0.03
0,0,0.027
0,0,0.024
0,0,0.023
0,0,0.019
0,0,0.018
0,0,0.016
0,0,0.016
0,0,0.014
0,0,0.014
0,0,0.013
0,0,0.011
0,0,0.01
0,0,0.00900000000000001
0,0,0.008
0,0,0.00799999999999999
0,0,0.00700000000000001
0,0,0.00700000000000001
0,0,0.00600000000000001
0,0,0.00600000000000001
0,0,0.00599999999999998
0,0,0.005
0,0,0.005
0,0,0.005
0,0,0.00499999999999999
0,0,0.00499999999999999
0,0,0.004
0,0,0.004
0,0,0.004
0,0,0.004
0,0,0.004
0,0,0.004
0,0,0.003
0,0,0.003
0,0,0.003
0,0,0.003
0,0,0.003
0,0,0.003
0,0,0.002
0,0,0.002
0,0,0.002
0,0,0.002
0,0,0.002
0,0,0.002
0,0,0.002
0,0,0.002
0,0,0.002
0,0,0.002
0,0,0.002
0,0,0.002
0,0,0.00199999999999999
0,0,0.00199999999999999
0,0,0.001
0,0,0.001
0,0,0.001
0,0,0.001
0,0,0.001
0,0,0.001
0,0,0.001
0,0,0.001
0,0,0.001
0,0,0.001
0,0,0.001
0,0,0.001
0,0,0.001
0,0,0.001
0,0,0.001
0,0,0.001
0,0,0.001
0,0,0.001
0,0,0.001
0,0,0.001
0,0,0.001
0,0,0.001
0,0,0.001
0,0,0.001
0,0,0.001
0,0,0.000999999999999997
0,0,0.000999999999999997
