"dimension","Birth","Death"
0,0,1
0,0,0.106
0,0,0.081
0,0,0.074
0,0,0.064
0,0,0.0610000000000001
0,0,0.049
0,0,0.0479999999999999
0,0,0.046
0,0,0.045
0,0,0.038
0,0,0.038
0,0,0.036
0,0,0.033
0,0,0.031
0,0,0.028
0,0,0.026
0,0,0.023
0,0,0.0219999999999999
0,0,0.018
0,0,0.0179999999999999
0,0,0.016
0,0,0.015
0,0,0.012
0,0,0.012
0,0,0.012
0,0,0.00700000000000001
0,0,0.007
0,0,0.005
0,0,0.00499999999999999
0,0,0.004
0,0,0.004
0,0,0.002
0,0,0.001
