"dimension","Birth","Death"
0,0,1
0,0,0.282242803274061
0,0,0.281710844661685
0,0,0.265655792332861
0,0,0.184621233881696
0,0,0.171292148097921
0,0,0.165604951616792
0,0,0.133958948935859
0,0,0.131
0,0,0.119
0,0,0.111485425056372
0,0,0.109004587059444
0,0,0.105361283211624
0,0,0.104651803615609
0,0,0.099503768772846
0,0,0.087
0,0,0.0842199501305956
0,0,0.0789240140895026
0,0,0.0713442359269479
0,0,0.0656201188660917
0,0,0.0644127316607517
0,0,0.06200806399171
0,0,0.0541479454827236
0,0,0.054
0,0,0.0519999999999999
0,0,0.051
0,0,0.05
0,0,0.046
0,0,0.043
0,0,0.0414366987102013
0,0,0.0414004830889689
0,0,0.0410365690573663
0,0,0.041
0,0,0.04
0,0,0.039
0,0,0.038
0,0,0.036
0,0,0.035
0,0,0.035
0,0,0.034
0,0,0.034
0,0,0.034
0,0,0.032
0,0,0.032
0,0,0.0309999999999999
0,0,0.0304138126514911
0,0,0.0302654919008431
0,0,0.028
0,0,0.028
0,0,0.027
0,0,0.026
0,0,0.025
0,0,0.022
0,0,0.021
0,0,0.021
0,0,0.02
0,0,0.02
0,0,0.019
0,0,0.019
0,0,0.019
0,0,0.018
0,0,0.017
0,0,0.017
0,0,0.016
0,0,0.016
0,0,0.016
0,0,0.016
0,0,0.015
0,0,0.015
0,0,0.0149999999999999
0,0,0.014
0,0,0.014
0,0,0.013
0,0,0.013
0,0,0.013
0,0,0.013
0,0,0.013
0,0,0.01
0,0,0.01
0,0,0.01
0,0,0.01
0,0,0.01
0,0,0.01
0,0,0.00900000000000001
0,0,0.00900000000000001
0,0,0.00900000000000001
0,0,0.00900000000000001
0,0,0.00900000000000001
0,0,0.00900000000000001
0,0,0.0089999999999999
0,0,0.00800000000000001
0,0,0.00800000000000001
0,0,0.00700000000000001
0,0,0.00700000000000001
0,0,0.00700000000000001
0,0,0.00700000000000001
0,0,0.00700000000000001
0,0,0.00699999999999999
0,0,0.00699999999999995
0,0,0.00600000000000001
0,0,0.00600000000000001
0,0,0.00600000000000001
0,0,0.005
0,0,0.005
0,0,0.005
0,0,0.00499999999999998
0,0,0.00499999999999998
0,0,0.004
0,0,0.004
0,0,0.004
0,0,0.004
0,0,0.004
0,0,0.004
0,0,0.003
0,0,0.003
0,0,0.003
0,0,0.00299999999999997
0,0,0.002
0,0,0.002
0,0,0.002
0,0,0.002
0,0,0.002
0,0,0.002
0,0,0.00199999999999999
0,0,0.00199999999999999
0,0,0.001
0,0,0.001
0,0,0.001
0,0,0.001
0,0,0.001
0,0,0.001
0,0,0.001
0,0,0.001
0,0,0.001
0,0,0.001
0,0,0.000999999999999973
1,0.345162280673888,0.408480109674878
1,0.334175103800388,0.395236637977807
1,0.202061871712602,0.217866931864384
1,0.436774541382622,0.444437847173258
1,0.0441814440687491,0.0453541618817943
