"dimension","Birth","Death"
0,0,1
0,0,0.395
0,0,0.123
0,0,0.0589999999999999
0,0,0.043
0,0,0.039
0,0,0.036
0,0,0.034
0,0,0.034
0,0,0.031
0,0,0.026
0,0,0.022
0,0,0.021
0,0,0.015
0,0,0.00700000000000001
0,0,0.00600000000000001
0,0,0.006
0,0,0.00599999999999999
0,0,0.005
0,0,0.00499999999999999
0,0,0.004
0,0,0.004
0,0,0.004
0,0,0.004
0,0,0.004
0,0,0.00399999999999999
0,0,0.003
0,0,0.003
0,0,0.003
0,0,0.003
0,0,0.003
0,0,0.002
0,0,0.002
0,0,0.002
0,0,0.002
0,0,0.002
0,0,0.002
0,0,0.002
0,0,0.002
0,0,0.002
0,0,0.002
0,0,0.002
0,0,0.002
0,0,0.00199999999999999
0,0,0.001
0,0,0.001
0,0,0.001
0,0,0.001
0,0,0.001
0,0,0.001
0,0,0.001
0,0,0.001
0,0,0.001
0,0,0.001
0,0,0.001
0,0,0.001
0,0,0.001
0,0,0.001
0,0,0.001
0,0,0.001
0,0,0.000999999999999999
0,0,0.000999999999999997
0,0,0.000999999999999994
