"dimension","Birth","Death"
0,0,1
0,0,0.253
0,0,0.203
0,0,0.142
0,0,0.097
0,0,0.064
0,0,0.044
0,0,0.033
0,0,0.0259999999999999
0,0,0.024
0,0,0.011
0,0,0.011
0,0,0.01
0,0,0.00999999999999998
0,0,0.00800000000000001
0,0,0.006
0,0,0.005
0,0,0.004
0,0,0.004
0,0,0.003
0,0,0.003
0,0,0.002
0,0,0.002
0,0,0.002
0,0,0.002
0,0,0.002
0,0,0.002
0,0,0.00199999999999999
0,0,0.00199999999999999
0,0,0.00199999999999999
0,0,0.001
0,0,0.001
0,0,0.001
0,0,0.001
0,0,0.001
0,0,0.001
0,0,0.001
0,0,0.001
