"dimension","Birth","Death"
0,0,1
0,0,0.205
0,0,0.11
0,0,0.088
0,0,0.046
0,0,0.035
0,0,0.035
0,0,0.021
0,0,0.016
0,0,0.014
0,0,0.012
0,0,0.011
0,0,0.011
0,0,0.01
0,0,0.005
0,0,0.004
0,0,0.004
0,0,0.004
0,0,0.003
0,0,0.003
0,0,0.003
0,0,0.003
0,0,0.003
0,0,0.002
0,0,0.002
0,0,0.002
0,0,0.002
0,0,0.00199999999999999
0,0,0.001
0,0,0.001
0,0,0.001
0,0,0.001
0,0,0.001
0,0,0.001
0,0,0.001
0,0,0.001
0,0,0.000999999999999999
0,0,0.000999999999999997
0,0,0.000999999999999997
0,0,0.000999999999999994
