"dimension","Birth","Death"
0,0,1
0,0,0.0619999999999999
0,0,0.055
0,0,0.048
0,0,0.0479999999999999
0,0,0.044
0,0,0.0409999999999999
0,0,0.038
0,0,0.037
0,0,0.037
0,0,0.035
0,0,0.034
0,0,0.026
0,0,0.026
0,0,0.026
0,0,0.024
0,0,0.022
0,0,0.0209999999999999
0,0,0.02
0,0,0.02
0,0,0.017
0,0,0.015
0,0,0.015
0,0,0.015
0,0,0.014
0,0,0.014
0,0,0.013
0,0,0.012
0,0,0.011
0,0,0.01
0,0,0.01
0,0,0.00900000000000001
0,0,0.00900000000000001
0,0,0.00800000000000001
0,0,0.00800000000000001
0,0,0.008
0,0,0.00799999999999998
0,0,0.00700000000000001
0,0,0.00699999999999998
0,0,0.00600000000000001
0,0,0.00600000000000001
0,0,0.005
0,0,0.005
0,0,0.004
0,0,0.004
0,0,0.004
0,0,0.004
0,0,0.004
0,0,0.004
0,0,0.004
0,0,0.004
0,0,0.003
0,0,0.003
0,0,0.003
0,0,0.003
0,0,0.003
0,0,0.003
0,0,0.003
0,0,0.002
0,0,0.002
0,0,0.002
0,0,0.002
0,0,0.002
0,0,0.002
0,0,0.002
0,0,0.002
0,0,0.002
0,0,0.00199999999999999
0,0,0.00199999999999995
0,0,0.001
0,0,0.001
0,0,0.001
0,0,0.001
0,0,0.001
0,0,0.001
0,0,0.001
0,0,0.001
0,0,0.001
0,0,0.001
0,0,0.001
0,0,0.001
0,0,0.001
0,0,0.001
0,0,0.001
0,0,0.001
0,0,0.001
0,0,0.001
0,0,0.001
0,0,0.001
0,0,0.000999999999999999
0,0,0.000999999999999999
0,0,0.000999999999999999
0,0,0.000999999999999999
0,0,0.000999999999999997
0,0,0.000999999999999997
