"dimension","Birth","Death"
0,0,1
0,0,0.113
0,0,0.048
0,0,0.046
0,0,0.045
0,0,0.044
0,0,0.0369999999999999
0,0,0.03
0,0,0.03
0,0,0.029
0,0,0.0279999999999999
0,0,0.027
0,0,0.023
0,0,0.021
0,0,0.02
0,0,0.019
0,0,0.0179999999999999
0,0,0.016
0,0,0.016
0,0,0.015
0,0,0.015
0,0,0.013
0,0,0.013
0,0,0.012
0,0,0.011
0,0,0.011
0,0,0.011
0,0,0.00900000000000001
0,0,0.00899999999999995
0,0,0.00800000000000001
0,0,0.00800000000000001
0,0,0.00800000000000001
0,0,0.00800000000000001
0,0,0.00799999999999999
0,0,0.00700000000000001
0,0,0.00700000000000001
0,0,0.007
0,0,0.00600000000000001
0,0,0.006
0,0,0.00599999999999999
0,0,0.005
0,0,0.005
0,0,0.00499999999999998
0,0,0.004
0,0,0.004
0,0,0.004
0,0,0.004
0,0,0.004
0,0,0.004
0,0,0.004
0,0,0.004
0,0,0.004
0,0,0.004
0,0,0.004
0,0,0.004
0,0,0.004
0,0,0.00399999999999999
0,0,0.00399999999999998
0,0,0.003
0,0,0.003
0,0,0.003
0,0,0.003
0,0,0.003
0,0,0.003
0,0,0.003
0,0,0.003
0,0,0.003
0,0,0.00299999999999999
0,0,0.002
0,0,0.002
0,0,0.002
0,0,0.002
0,0,0.002
0,0,0.002
0,0,0.002
0,0,0.002
0,0,0.002
0,0,0.002
0,0,0.002
0,0,0.002
0,0,0.002
0,0,0.002
0,0,0.002
0,0,0.002
0,0,0.002
0,0,0.002
0,0,0.002
0,0,0.002
0,0,0.002
0,0,0.002
0,0,0.002
0,0,0.002
0,0,0.002
0,0,0.002
0,0,0.00199999999999999
0,0,0.001
0,0,0.001
0,0,0.001
0,0,0.001
0,0,0.001
0,0,0.001
0,0,0.001
0,0,0.001
0,0,0.001
0,0,0.001
0,0,0.001
0,0,0.001
0,0,0.001
0,0,0.001
0,0,0.001
0,0,0.001
0,0,0.000999999999999994
