"dimension","Birth","Death"
0,0,1
0,0,0.466
0,0,0.135
0,0,0.064
0,0,0.058
0,0,0.047
0,0,0.034
0,0,0.021
0,0,0.021
0,0,0.019
0,0,0.016
0,0,0.014
0,0,0.013
0,0,0.013
0,0,0.01
0,0,0.009
0,0,0.009
0,0,0.00899999999999999
0,0,0.00800000000000001
0,0,0.00799999999999999
0,0,0.004
0,0,0.003
0,0,0.002
0,0,0.001
0,0,0.001
