"dimension","Birth","Death"
0,0,1
0,0,0.0659999999999999
0,0,0.0479999999999999
0,0,0.042
0,0,0.0389999999999999
0,0,0.038
0,0,0.037
0,0,0.036
0,0,0.029
0,0,0.029
0,0,0.028
0,0,0.027
0,0,0.027
0,0,0.027
0,0,0.026
0,0,0.026
0,0,0.0239999999999999
0,0,0.022
0,0,0.022
0,0,0.02
0,0,0.019
0,0,0.018
0,0,0.018
0,0,0.016
0,0,0.016
0,0,0.016
0,0,0.015
0,0,0.013
0,0,0.011
0,0,0.011
0,0,0.011
0,0,0.01
0,0,0.01
0,0,0.00899999999999995
0,0,0.00800000000000001
0,0,0.00700000000000001
0,0,0.00700000000000001
0,0,0.00600000000000001
0,0,0.00600000000000001
0,0,0.005
0,0,0.005
0,0,0.005
0,0,0.005
0,0,0.005
0,0,0.005
0,0,0.005
0,0,0.005
0,0,0.004
0,0,0.003
0,0,0.003
0,0,0.002
0,0,0.002
0,0,0.002
0,0,0.002
0,0,0.002
0,0,0.002
0,0,0.001
0,0,0.001
0,0,0.001
0,0,0.001
