"dimension","Birth","Death"
0,0,1
0,0,0.104
0,0,0.097
0,0,0.0760000000000001
0,0,0.076
0,0,0.062
0,0,0.055
0,0,0.0509999999999999
0,0,0.044
0,0,0.0359999999999999
0,0,0.035
0,0,0.035
0,0,0.028
0,0,0.025
0,0,0.023
0,0,0.023
0,0,0.019
0,0,0.018
0,0,0.017
0,0,0.015
0,0,0.013
0,0,0.013
0,0,0.012
0,0,0.01
0,0,0.00899999999999999
0,0,0.00899999999999998
0,0,0.00700000000000001
0,0,0.00700000000000001
0,0,0.00700000000000001
0,0,0.00700000000000001
0,0,0.00600000000000001
0,0,0.00600000000000001
0,0,0.005
0,0,0.004
0,0,0.00399999999999995
0,0,0.003
0,0,0.003
0,0,0.002
0,0,0.002
0,0,0.001
