"dimension","Birth","Death"
0,0,1
0,0,0.021
0,0,0.02
0,0,0.015
0,0,0.014
0,0,0.012
0,0,0.01
0,0,0.00900000000000001
0,0,0.0089999999999999
0,0,0.00600000000000001
0,0,0.00600000000000001
0,0,0.00499999999999989
0,0,0.004
0,0,0.004
0,0,0.004
0,0,0.003
0,0,0.003
0,0,0.003
0,0,0.003
0,0,0.003
0,0,0.003
0,0,0.003
0,0,0.003
0,0,0.003
0,0,0.002
0,0,0.002
0,0,0.002
0,0,0.002
0,0,0.002
0,0,0.002
0,0,0.002
0,0,0.002
0,0,0.002
0,0,0.001
0,0,0.001
0,0,0.001
0,0,0.001
