"dimension","Birth","Death"
0,0,1
0,0,0.225594769442911
0,0,0.202232539419353
0,0,0.161523992025953
0,0,0.109036691072317
0,0,0.10762899237659
0,0,0.103
0,0,0.092655275079188
0,0,0.0925418824100743
0,0,0.0891852005660131
0,0,0.0870057469366248
0,0,0.086
0,0,0.0770584193972339
0,0,0.0659999999999999
0,0,0.063
0,0,0.0591692487699481
0,0,0.0590338885725818
0,0,0.0579999999999999
0,0,0.0569999999999999
0,0,0.0537121960079832
0,0,0.047
0,0,0.046
0,0,0.045
0,0,0.0439999999999999
0,0,0.042
0,0,0.042
0,0,0.041
0,0,0.0401995024844836
0,0,0.0389999999999999
0,0,0.038
0,0,0.0366742416417845
0,0,0.033
0,0,0.033
0,0,0.033
0,0,0.032
0,0,0.032
0,0,0.031
0,0,0.0289999999999999
0,0,0.028
0,0,0.026
0,0,0.026
0,0,0.023
0,0,0.022
0,0,0.0209999999999999
0,0,0.02
0,0,0.02
0,0,0.019
0,0,0.0189999999999999
0,0,0.018
0,0,0.018
0,0,0.017
0,0,0.017
0,0,0.017
0,0,0.016
0,0,0.016
0,0,0.0159999999999999
0,0,0.015
0,0,0.015
0,0,0.015
0,0,0.014
0,0,0.014
0,0,0.013
0,0,0.012
0,0,0.011
0,0,0.011
0,0,0.01
0,0,0.01
0,0,0.01
0,0,0.01
0,0,0.01
0,0,0.01
0,0,0.00900000000000001
0,0,0.00899999999999999
0,0,0.00800000000000001
0,0,0.00800000000000001
0,0,0.00800000000000001
0,0,0.00800000000000001
0,0,0.00800000000000001
0,0,0.00800000000000001
0,0,0.008
0,0,0.00700000000000001
0,0,0.00700000000000001
0,0,0.00700000000000001
0,0,0.00700000000000001
0,0,0.00600000000000001
0,0,0.00600000000000001
0,0,0.00600000000000001
0,0,0.00600000000000001
0,0,0.006
0,0,0.005
0,0,0.005
0,0,0.005
0,0,0.005
0,0,0.005
0,0,0.005
0,0,0.005
0,0,0.005
0,0,0.00499999999999998
0,0,0.004
0,0,0.004
0,0,0.004
0,0,0.004
0,0,0.004
0,0,0.003
0,0,0.003
0,0,0.003
0,0,0.003
0,0,0.003
0,0,0.003
0,0,0.003
0,0,0.003
0,0,0.00299999999999999
0,0,0.002
0,0,0.002
0,0,0.002
0,0,0.002
0,0,0.002
0,0,0.002
0,0,0.002
0,0,0.002
0,0,0.002
0,0,0.002
0,0,0.002
0,0,0.002
0,0,0.00199999999999999
0,0,0.001
0,0,0.001
0,0,0.001
0,0,0.001
0,0,0.001
0,0,0.001
0,0,0.001
0,0,0.001
0,0,0.001
0,0,0.001
0,0,0.001
0,0,0.001
0,0,0.001
0,0,0.001
0,0,0.001
1,0.161928996785628,0.202074243781834
1,0.517629210922259,0.54744862772684
1,0.170299735760218,0.196124960165707
