"dimension","Birth","Death"
0,0,1
0,0,0.086
0,0,0.085
0,0,0.084
0,0,0.065
0,0,0.0570000000000001
0,0,0.0509999999999999
0,0,0.0469999999999999
0,0,0.042
0,0,0.039
0,0,0.032
0,0,0.032
0,0,0.028
0,0,0.028
0,0,0.028
0,0,0.026
0,0,0.024
0,0,0.024
0,0,0.0219999999999999
0,0,0.021
0,0,0.018
0,0,0.017
0,0,0.016
0,0,0.016
0,0,0.013
0,0,0.011
0,0,0.01
0,0,0.00900000000000001
0,0,0.00800000000000001
0,0,0.00800000000000001
0,0,0.00799999999999998
0,0,0.005
0,0,0.005
0,0,0.004
0,0,0.004
0,0,0.003
0,0,0.003
0,0,0.002
