"dimension","Birth","Death"
0,0,1
0,0,0.0830000000000001
0,0,0.076
0,0,0.073
0,0,0.038
0,0,0.038
0,0,0.037
0,0,0.033
0,0,0.0329999999999999
0,0,0.0309999999999999
0,0,0.029
0,0,0.026
0,0,0.025
0,0,0.024
0,0,0.023
0,0,0.023
0,0,0.022
0,0,0.021
0,0,0.021
0,0,0.019
0,0,0.019
0,0,0.018
0,0,0.017
0,0,0.015
0,0,0.015
0,0,0.014
0,0,0.014
0,0,0.013
0,0,0.012
0,0,0.012
0,0,0.011
0,0,0.011
0,0,0.011
0,0,0.01
0,0,0.01
0,0,0.00999999999999998
0,0,0.00900000000000001
0,0,0.00899999999999995
0,0,0.00800000000000001
0,0,0.008
0,0,0.00700000000000001
0,0,0.00699999999999999
0,0,0.006
0,0,0.00599999999999999
0,0,0.005
0,0,0.004
0,0,0.004
0,0,0.004
0,0,0.004
0,0,0.003
0,0,0.003
0,0,0.002
0,0,0.002
0,0,0.002
0,0,0.001
0,0,0.001
0,0,0.001
0,0,0.001
0,0,0.001
0,0,0.001
