"dimension","Birth","Death"
0,0,1
0,0,0.515
0,0,0.144
0,0,0.068
0,0,0.058
0,0,0.051
0,0,0.019
0,0,0.019
0,0,0.016
0,0,0.011
0,0,0.00799999999999999
0,0,0.00700000000000001
0,0,0.005
0,0,0.005
0,0,0.005
0,0,0.004
0,0,0.004
0,0,0.00399999999999999
0,0,0.003
0,0,0.003
0,0,0.003
0,0,0.003
0,0,0.003
0,0,0.002
0,0,0.002
0,0,0.002
0,0,0.002
0,0,0.002
0,0,0.002
0,0,0.002
0,0,0.002
0,0,0.001
0,0,0.001
0,0,0.001
0,0,0.001
0,0,0.001
0,0,0.001
0,0,0.001
0,0,0.001
0,0,0.001
0,0,0.001
0,0,0.001
0,0,0.001
0,0,0.001
0,0,0.001
0,0,0.001
0,0,0.000999999999999999
0,0,0.000999999999999999
0,0,0.000999999999999999
0,0,0.000999999999999997
0,0,0.000999999999999997
0,0,0.000999999999999997
0,0,0.000999999999999994
0,0,0.000999999999999994
