"dimension","Birth","Death"
0,0,1
0,0,0.215
0,0,0.151
0,0,0.109
0,0,0.084
0,0,0.055
0,0,0.055
0,0,0.044
0,0,0.039
0,0,0.033
0,0,0.032
0,0,0.022
0,0,0.018
0,0,0.017
0,0,0.015
0,0,0.012
0,0,0.01
0,0,0.00900000000000001
0,0,0.00899999999999998
0,0,0.00600000000000001
0,0,0.00599999999999998
0,0,0.004
0,0,0.004
0,0,0.004
0,0,0.004
0,0,0.003
0,0,0.003
0,0,0.002
0,0,0.001
0,0,0.001
0,0,0.001
0,0,0.001
0,0,0.001
0,0,0.001
0,0,0.001
0,0,0.001
0,0,0.001
0,0,0.001
0,0,0.001
0,0,0.001
0,0,0.001
0,0,0.001
0,0,0.001
0,0,0.001
0,0,0.001
0,0,0.000999999999999994
0,0,0.000999999999999994
