"dimension","Birth","Death"
0,0,1
0,0,0.520634228609683
0,0,0.356393041458444
0,0,0.266364412037344
0,0,0.205060966544099
0,0,0.201258540191466
0,0,0.175071414000116
0,0,0.166508258053467
0,0,0.158391918985787
0,0,0.139785550040052
0,0,0.137
0,0,0.135307058204663
0,0,0.126530628703093
0,0,0.12021647141719
0,0,0.118608600025462
0,0,0.113
0,0,0.10295630140987
0,0,0.102839681057459
0,0,0.0963846460801719
0,0,0.091181138400439
0,0,0.0907358804442872
0,0,0.088
0,0,0.0840238061504
0,0,0.083
0,0,0.071
0,0,0.066
0,0,0.0629999999999999
0,0,0.06
0,0,0.056
0,0,0.054744862772684
0,0,0.0519999999999999
0,0,0.0519999999999999
0,0,0.0470956473572665
0,0,0.045
0,0,0.0431045241245046
0,0,0.043
0,0,0.043
0,0,0.0409999999999999
0,0,0.0398120584747888
0,0,0.0385875627631495
0,0,0.037
0,0,0.036
0,0,0.035
0,0,0.035
0,0,0.034
0,0,0.034
0,0,0.032
0,0,0.0312409987036266
0,0,0.031
0,0,0.03
0,0,0.028
0,0,0.027
0,0,0.025
0,0,0.024
0,0,0.023
0,0,0.023
0,0,0.022
0,0,0.022
0,0,0.022
0,0,0.021
0,0,0.0209999999999999
0,0,0.0200997512422418
0,0,0.02
0,0,0.02
0,0,0.019
0,0,0.019
0,0,0.019
0,0,0.0179999999999999
0,0,0.017
0,0,0.017
0,0,0.017
0,0,0.017
0,0,0.0169999999999999
0,0,0.016
0,0,0.016
0,0,0.0159999999999999
0,0,0.0159999999999999
0,0,0.015
0,0,0.014
0,0,0.014
0,0,0.014
0,0,0.014
0,0,0.013
0,0,0.013
0,0,0.0129999999999999
0,0,0.012
0,0,0.012
0,0,0.012
0,0,0.012
0,0,0.012
0,0,0.011
0,0,0.011
0,0,0.01
0,0,0.01
0,0,0.00900000000000001
0,0,0.00900000000000001
0,0,0.00900000000000001
0,0,0.00900000000000001
0,0,0.00899999999999999
0,0,0.00800000000000001
0,0,0.00800000000000001
0,0,0.0079999999999999
0,0,0.00700000000000001
0,0,0.00700000000000001
0,0,0.00700000000000001
0,0,0.00700000000000001
0,0,0.00700000000000001
0,0,0.00700000000000001
0,0,0.00700000000000001
0,0,0.00600000000000001
0,0,0.00600000000000001
0,0,0.00600000000000001
0,0,0.00600000000000001
0,0,0.00600000000000001
0,0,0.00600000000000001
0,0,0.00600000000000001
0,0,0.005
0,0,0.005
0,0,0.005
0,0,0.005
0,0,0.005
0,0,0.005
0,0,0.005
0,0,0.004
0,0,0.003
0,0,0.002
0,0,0.002
0,0,0.002
0,0,0.002
0,0,0.002
0,0,0.002
0,0,0.00199999999999989
0,0,0.001
0,0,0.001
0,0,0.001
0,0,0.001
0,0,0.001
0,0,0.001
0,0,0.001
1,0.292947094199618,0.434457132522876
1,0.254950975679639,0.281
1,0.257899205117038,0.277497747738608
1,0.26747897113605,0.273879535562627
1,0.24645689278249,0.250798724079689
1,0.0412310562561766,0.0441814440687491
1,0.225204351645345,0.225417390633465
