"dimension","Birth","Death"
0,0,1
0,0,0.07
0,0,0.064
0,0,0.056
0,0,0.048
0,0,0.043
0,0,0.0419999999999999
0,0,0.0359999999999999
0,0,0.0279999999999999
0,0,0.026
0,0,0.026
0,0,0.025
0,0,0.025
0,0,0.024
0,0,0.023
0,0,0.022
0,0,0.02
0,0,0.02
0,0,0.019
0,0,0.016
0,0,0.015
0,0,0.014
0,0,0.014
0,0,0.014
0,0,0.013
0,0,0.012
0,0,0.012
0,0,0.011
0,0,0.011
0,0,0.011
0,0,0.011
0,0,0.011
0,0,0.01
0,0,0.01
0,0,0.00900000000000001
0,0,0.00800000000000001
0,0,0.00800000000000001
0,0,0.00799999999999998
0,0,0.00700000000000001
0,0,0.00700000000000001
0,0,0.00699999999999995
0,0,0.00600000000000001
0,0,0.00600000000000001
0,0,0.00600000000000001
0,0,0.00600000000000001
0,0,0.00600000000000001
0,0,0.00600000000000001
0,0,0.006
0,0,0.005
0,0,0.005
0,0,0.005
0,0,0.005
0,0,0.004
0,0,0.004
0,0,0.004
0,0,0.004
0,0,0.004
0,0,0.004
0,0,0.004
0,0,0.004
0,0,0.004
0,0,0.003
0,0,0.003
0,0,0.002
0,0,0.002
0,0,0.002
0,0,0.002
0,0,0.002
0,0,0.002
0,0,0.002
0,0,0.001
0,0,0.001
0,0,0.001
0,0,0.001
