"dimension","Birth","Death"
0,0,1
0,0,0.0630000000000001
0,0,0.0580000000000001
0,0,0.044
0,0,0.042
0,0,0.0379999999999999
0,0,0.035
0,0,0.031
0,0,0.0309999999999999
0,0,0.027
0,0,0.027
0,0,0.027
0,0,0.026
0,0,0.025
0,0,0.024
0,0,0.022
0,0,0.02
0,0,0.0199999999999999
0,0,0.0189999999999999
0,0,0.018
0,0,0.014
0,0,0.013
0,0,0.013
0,0,0.013
0,0,0.013
0,0,0.012
0,0,0.01
0,0,0.01
0,0,0.00900000000000001
0,0,0.00900000000000001
0,0,0.00800000000000001
0,0,0.00800000000000001
0,0,0.00600000000000001
0,0,0.00600000000000001
0,0,0.005
0,0,0.005
0,0,0.005
0,0,0.005
0,0,0.005
0,0,0.004
0,0,0.004
0,0,0.003
0,0,0.003
0,0,0.003
0,0,0.003
0,0,0.003
0,0,0.002
0,0,0.002
0,0,0.002
0,0,0.001
0,0,0.001
0,0,0.001
0,0,0.001
0,0,0.001
