"dimension","Birth","Death"
0,0,1
0,0,0.044
0,0,0.041
0,0,0.038
0,0,0.038
0,0,0.037
0,0,0.0349999999999999
0,0,0.034
0,0,0.031
0,0,0.031
0,0,0.027
0,0,0.026
0,0,0.025
0,0,0.0229999999999999
0,0,0.02
0,0,0.02
0,0,0.0199999999999999
0,0,0.016
0,0,0.015
0,0,0.015
0,0,0.015
0,0,0.015
0,0,0.015
0,0,0.015
0,0,0.014
0,0,0.013
0,0,0.013
0,0,0.013
0,0,0.013
0,0,0.013
0,0,0.0129999999999999
0,0,0.012
0,0,0.011
0,0,0.011
0,0,0.011
0,0,0.011
0,0,0.011
0,0,0.01
0,0,0.01
0,0,0.00900000000000001
0,0,0.00900000000000001
0,0,0.00800000000000001
0,0,0.00800000000000001
0,0,0.00800000000000001
0,0,0.00800000000000001
0,0,0.00800000000000001
0,0,0.00800000000000001
0,0,0.00700000000000001
0,0,0.00700000000000001
0,0,0.00600000000000001
0,0,0.00600000000000001
0,0,0.00600000000000001
0,0,0.00600000000000001
0,0,0.00600000000000001
0,0,0.00599999999999999
0,0,0.005
0,0,0.005
0,0,0.005
0,0,0.004
0,0,0.004
0,0,0.003
0,0,0.003
0,0,0.003
0,0,0.003
0,0,0.003
0,0,0.003
0,0,0.003
0,0,0.003
0,0,0.003
0,0,0.002
0,0,0.002
0,0,0.002
0,0,0.002
0,0,0.002
0,0,0.001
0,0,0.001
0,0,0.001
0,0,0.001
0,0,0.001
0,0,0.001
0,0,0.000999999999999994
0,0,0.000999999999999987
