"dimension","Birth","Death"
0,0,1
0,0,0.25
0,0,0.104
0,0,0.089
0,0,0.068
0,0,0.063
0,0,0.0599999999999999
0,0,0.054
0,0,0.053
0,0,0.025
0,0,0.019
0,0,0.011
0,0,0.00800000000000001
0,0,0.00800000000000001
0,0,0.003
