"dimension","Birth","Death"
0,0,1
0,0,0.202
0,0,0.133
0,0,0.122
0,0,0.1
0,0,0.077
0,0,0.0683520299625403
0,0,0.0669999999999999
0,0,0.064
0,0,0.058
0,0,0.057
0,0,0.054
0,0,0.049
0,0,0.0489999999999999
0,0,0.048
0,0,0.045
0,0,0.044
0,0,0.0429999999999999
0,0,0.042
0,0,0.04
0,0,0.04
0,0,0.038
0,0,0.035
0,0,0.035
0,0,0.034
0,0,0.033
0,0,0.032
0,0,0.0317647603485371
0,0,0.031
0,0,0.028
0,0,0.0279999999999999
0,0,0.0277848879788996
0,0,0.027
0,0,0.027
0,0,0.027
0,0,0.024
0,0,0.023
0,0,0.0205182845286832
0,0,0.0199999999999999
0,0,0.018
0,0,0.017
0,0,0.017
0,0,0.016
0,0,0.015
0,0,0.012
0,0,0.011
0,0,0.01
0,0,0.01
0,0,0.00900000000000001
0,0,0.00800000000000001
0,0,0.00800000000000001
0,0,0.00800000000000001
0,0,0.00600000000000001
0,0,0.00600000000000001
0,0,0.005
0,0,0.004
0,0,0.004
0,0,0.003
0,0,0.002
0,0,0.001
