"dimension","Birth","Death"
0,0,1
0,0,0.179
0,0,0.108
0,0,0.103
0,0,0.079
0,0,0.072
0,0,0.062
0,0,0.0549999999999999
0,0,0.052
0,0,0.04
0,0,0.037
0,0,0.031
0,0,0.026
0,0,0.023
0,0,0.016
0,0,0.016
0,0,0.012
0,0,0.009
0,0,0.009
0,0,0.00700000000000001
0,0,0.00700000000000001
0,0,0.00499999999999999
0,0,0.004
0,0,0.004
0,0,0.003
0,0,0.003
0,0,0.002
0,0,0.002
0,0,0.002
0,0,0.001
0,0,0.001
0,0,0.001
0,0,0.000999999999999994
