"dimension","Birth","Death"
0,0,1
0,0,0.089
0,0,0.0810000000000001
0,0,0.0579999999999999
0,0,0.0519999999999999
0,0,0.051
0,0,0.04
0,0,0.039
0,0,0.039
0,0,0.0359999999999999
0,0,0.034
0,0,0.033
0,0,0.033
0,0,0.03
0,0,0.024
0,0,0.023
0,0,0.022
0,0,0.019
0,0,0.019
0,0,0.017
0,0,0.016
0,0,0.016
0,0,0.014
0,0,0.013
0,0,0.012
0,0,0.012
0,0,0.011
0,0,0.011
0,0,0.011
0,0,0.01
0,0,0.01
0,0,0.01
0,0,0.00900000000000001
0,0,0.00899999999999998
0,0,0.00600000000000001
0,0,0.00600000000000001
0,0,0.00600000000000001
0,0,0.00599999999999998
0,0,0.005
0,0,0.005
0,0,0.004
0,0,0.004
0,0,0.004
0,0,0.004
0,0,0.00399999999999999
0,0,0.003
0,0,0.003
0,0,0.003
0,0,0.003
0,0,0.003
0,0,0.003
0,0,0.002
0,0,0.002
0,0,0.002
0,0,0.002
0,0,0.002
0,0,0.002
0,0,0.00199999999999999
0,0,0.001
0,0,0.001
0,0,0.001
0,0,0.001
0,0,0.001
0,0,0.001
