"dimension","Birth","Death"
0,0,1
0,0,0.174
0,0,0.163
0,0,0.103
0,0,0.079
0,0,0.077
0,0,0.04
0,0,0.032
0,0,0.031
0,0,0.025
0,0,0.023
0,0,0.021
0,0,0.021
0,0,0.02
0,0,0.018
0,0,0.018
0,0,0.017
0,0,0.017
0,0,0.013
0,0,0.011
0,0,0.00700000000000001
0,0,0.00699999999999999
0,0,0.005
0,0,0.00499999999999998
0,0,0.003
0,0,0.002
0,0,0.002
0,0,0.001
0,0,0.001
