"dimension","Birth","Death"
0,0,1
0,0,0.24
0,0,0.238
0,0,0.157
0,0,0.08
0,0,0.0600000000000001
0,0,0.048
0,0,0.027
0,0,0.016
0,0,0.012
0,0,0.00700000000000001
0,0,0.00700000000000001
0,0,0.00699999999999999
0,0,0.005
0,0,0.004
0,0,0.004
0,0,0.004
0,0,0.00399999999999999
0,0,0.003
0,0,0.003
0,0,0.002
0,0,0.002
0,0,0.002
0,0,0.002
0,0,0.002
0,0,0.00199999999999999
0,0,0.001
0,0,0.001
0,0,0.001
0,0,0.001
0,0,0.001
0,0,0.001
0,0,0.001
0,0,0.001
0,0,0.001
0,0,0.001
0,0,0.001
0,0,0.001
0,0,0.001
0,0,0.001
0,0,0.001
0,0,0.001
0,0,0.001
0,0,0.001
0,0,0.001
0,0,0.001
0,0,0.001
0,0,0.001
0,0,0.001
0,0,0.001
0,0,0.001
0,0,0.001
0,0,0.001
0,0,0.001
0,0,0.001
0,0,0.001
0,0,0.001
0,0,0.001
0,0,0.001
0,0,0.001
0,0,0.001
0,0,0.001
0,0,0.001
0,0,0.001
0,0,0.001
0,0,0.001
0,0,0.001
0,0,0.001
0,0,0.001
0,0,0.001
0,0,0.001
0,0,0.001
0,0,0.001
0,0,0.000999999999999999
0,0,0.000999999999999999
0,0,0.000999999999999999
0,0,0.000999999999999999
0,0,0.000999999999999997
0,0,0.000999999999999997
0,0,0.000999999999999997
0,0,0.000999999999999997
0,0,0.000999999999999994
0,0,0.000999999999999994
0,0,0.000999999999999987
