"dimension","Birth","Death"
0,0,1
0,0,0.231
0,0,0.187
0,0,0.086
0,0,0.0770000000000001
0,0,0.074
0,0,0.0680000000000001
0,0,0.029
0,0,0.0239999999999999
0,0,0.02
0,0,0.018
0,0,0.015
0,0,0.014
0,0,0.014
0,0,0.013
0,0,0.013
0,0,0.012
0,0,0.011
0,0,0.011
0,0,0.00800000000000001
0,0,0.008
0,0,0.00799999999999999
0,0,0.007
0,0,0.005
0,0,0.004
0,0,0.004
0,0,0.00399999999999998
0,0,0.003
0,0,0.003
0,0,0.003
0,0,0.003
0,0,0.002
0,0,0.002
0,0,0.002
0,0,0.001
0,0,0.001
0,0,0.001
0,0,0.001
0,0,0.001
0,0,0.001
0,0,0.001
0,0,0.001
0,0,0.000999999999999999
0,0,0.000999999999999999
0,0,0.000999999999999997
