"dimension","Birth","Death"
0,0,1
0,0,0.1
0,0,0.076
0,0,0.0710000000000001
0,0,0.0579999999999999
0,0,0.038
0,0,0.037
0,0,0.03
0,0,0.027
0,0,0.027
0,0,0.027
0,0,0.027
0,0,0.025
0,0,0.024
0,0,0.022
0,0,0.022
0,0,0.021
0,0,0.02
0,0,0.018
0,0,0.017
0,0,0.0169999999999999
0,0,0.016
0,0,0.016
0,0,0.013
0,0,0.013
0,0,0.013
0,0,0.012
0,0,0.012
0,0,0.011
0,0,0.011
0,0,0.01
0,0,0.00900000000000001
0,0,0.00899999999999999
0,0,0.00899999999999999
0,0,0.00799999999999999
0,0,0.007
0,0,0.00699999999999998
0,0,0.00600000000000001
0,0,0.005
0,0,0.005
0,0,0.005
0,0,0.005
0,0,0.005
0,0,0.005
0,0,0.005
0,0,0.005
0,0,0.005
0,0,0.00499999999999998
0,0,0.004
0,0,0.004
0,0,0.004
0,0,0.003
0,0,0.003
0,0,0.003
0,0,0.003
0,0,0.003
0,0,0.003
0,0,0.003
0,0,0.003
0,0,0.002
0,0,0.002
0,0,0.002
0,0,0.002
0,0,0.00199999999999999
0,0,0.001
0,0,0.001
0,0,0.001
0,0,0.001
0,0,0.001
0,0,0.001
0,0,0.000999999999999997
