"dimension","Birth","Death"
0,0,1
0,0,0.05
0,0,0.033
0,0,0.032
0,0,0.027
0,0,0.026
0,0,0.025
0,0,0.024
0,0,0.0209999999999999
0,0,0.019
0,0,0.017
0,0,0.017
0,0,0.015
0,0,0.014
0,0,0.014
0,0,0.013
0,0,0.013
0,0,0.013
0,0,0.013
0,0,0.013
0,0,0.013
0,0,0.012
0,0,0.012
0,0,0.012
0,0,0.011
0,0,0.011
0,0,0.01
0,0,0.01
0,0,0.00900000000000001
0,0,0.00900000000000001
0,0,0.00900000000000001
0,0,0.0089999999999999
0,0,0.00800000000000001
0,0,0.00800000000000001
0,0,0.00800000000000001
0,0,0.00800000000000001
0,0,0.00800000000000001
0,0,0.00700000000000001
0,0,0.00700000000000001
0,0,0.00700000000000001
0,0,0.00700000000000001
0,0,0.00700000000000001
0,0,0.00600000000000001
0,0,0.00600000000000001
0,0,0.00600000000000001
0,0,0.00600000000000001
0,0,0.00600000000000001
0,0,0.00600000000000001
0,0,0.00600000000000001
0,0,0.005
0,0,0.005
0,0,0.005
0,0,0.005
0,0,0.005
0,0,0.005
0,0,0.005
0,0,0.005
0,0,0.004
0,0,0.004
0,0,0.004
0,0,0.004
0,0,0.004
0,0,0.004
0,0,0.004
0,0,0.004
0,0,0.004
0,0,0.004
0,0,0.004
0,0,0.004
0,0,0.004
0,0,0.004
0,0,0.004
0,0,0.004
0,0,0.004
0,0,0.004
0,0,0.004
0,0,0.004
0,0,0.004
0,0,0.004
0,0,0.004
0,0,0.004
0,0,0.004
0,0,0.00399999999999989
0,0,0.00399999999999989
0,0,0.003
0,0,0.003
0,0,0.003
0,0,0.003
0,0,0.003
0,0,0.003
0,0,0.003
0,0,0.003
0,0,0.003
0,0,0.003
0,0,0.003
0,0,0.003
0,0,0.003
0,0,0.003
0,0,0.002
0,0,0.002
0,0,0.002
0,0,0.002
0,0,0.002
0,0,0.002
0,0,0.002
0,0,0.002
0,0,0.002
0,0,0.002
0,0,0.002
0,0,0.002
0,0,0.002
0,0,0.002
0,0,0.002
0,0,0.002
0,0,0.002
0,0,0.002
0,0,0.002
0,0,0.002
0,0,0.002
0,0,0.001
0,0,0.001
0,0,0.001
0,0,0.001
0,0,0.001
0,0,0.001
0,0,0.001
0,0,0.001
0,0,0.001
0,0,0.001
0,0,0.001
0,0,0.001
0,0,0.001
0,0,0.001
0,0,0.001
0,0,0.001
0,0,0.001
0,0,0.001
0,0,0.001
0,0,0.001
0,0,0.001
0,0,0.001
0,0,0.001
0,0,0.001
0,0,0.001
0,0,0.001
0,0,0.001
0,0,0.001
0,0,0.001
0,0,0.001
0,0,0.001
0,0,0.001
