"dimension","Birth","Death"
0,0,1
0,0,0.11
0,0,0.09
0,0,0.066
0,0,0.056
0,0,0.048
0,0,0.039
0,0,0.036
0,0,0.035
0,0,0.027
0,0,0.026
0,0,0.024
0,0,0.023
0,0,0.018
0,0,0.0149999999999999
0,0,0.012
0,0,0.011
0,0,0.011
0,0,0.00900000000000001
0,0,0.00900000000000001
0,0,0.00799999999999999
0,0,0.00799999999999995
0,0,0.00699999999999998
0,0,0.00600000000000001
0,0,0.00600000000000001
0,0,0.00599999999999999
0,0,0.00599999999999998
0,0,0.005
0,0,0.005
0,0,0.005
0,0,0.005
0,0,0.005
0,0,0.005
0,0,0.004
0,0,0.004
0,0,0.004
0,0,0.004
0,0,0.004
0,0,0.004
0,0,0.00399999999999999
0,0,0.00399999999999999
0,0,0.003
0,0,0.003
0,0,0.003
0,0,0.003
0,0,0.003
0,0,0.003
0,0,0.003
0,0,0.003
0,0,0.003
0,0,0.003
0,0,0.003
0,0,0.003
0,0,0.003
0,0,0.003
0,0,0.002
0,0,0.002
0,0,0.002
0,0,0.002
0,0,0.002
0,0,0.002
0,0,0.002
0,0,0.002
0,0,0.002
0,0,0.002
0,0,0.002
0,0,0.002
0,0,0.002
0,0,0.002
0,0,0.002
0,0,0.002
0,0,0.001
0,0,0.001
0,0,0.001
0,0,0.001
0,0,0.001
0,0,0.001
0,0,0.001
0,0,0.001
0,0,0.001
0,0,0.001
0,0,0.001
0,0,0.001
0,0,0.001
0,0,0.001
0,0,0.001
0,0,0.001
0,0,0.001
0,0,0.001
0,0,0.001
0,0,0.001
0,0,0.001
0,0,0.000999999999999997
0,0,0.000999999999999997
0,0,0.000999999999999994
