"dimension","Birth","Death"
0,0,1
0,0,0.208830074462468
0,0,0.169941166289984
0,0,0.167871975028591
0,0,0.151182009511714
0,0,0.14657762448614
0,0,0.144346804606129
0,0,0.137003649586425
0,0,0.120702112657567
0,0,0.0942602779541838
0,0,0.0732461603089199
0,0,0.073
0,0,0.072
0,0,0.0681175454637057
0,0,0.0630317380372776
0,0,0.054817880294663
0,0,0.053084837759948
0,0,0.0500099990002
0,0,0.049
0,0,0.0449110231457713
0,0,0.0445982062419556
0,0,0.0439999999999999
0,0,0.0399999999999999
0,0,0.036
0,0,0.033
0,0,0.033
0,0,0.033
0,0,0.03
0,0,0.03
0,0,0.0291204395571221
0,0,0.029
0,0,0.027
0,0,0.027
0,0,0.0254950975679639
0,0,0.025
0,0,0.0249999999999999
0,0,0.024
0,0,0.0237697286480094
0,0,0.022
0,0,0.0219317121994613
0,0,0.021
0,0,0.021
0,0,0.0208086520466848
0,0,0.02
0,0,0.02
0,0,0.02
0,0,0.019
0,0,0.018
0,0,0.017
0,0,0.016
0,0,0.016
0,0,0.0150332963783729
0,0,0.015
0,0,0.015
0,0,0.014
0,0,0.014
0,0,0.014
0,0,0.014
0,0,0.0139999999999999
0,0,0.013
0,0,0.013
0,0,0.013
0,0,0.0125299640861417
0,0,0.012
0,0,0.012
0,0,0.012
0,0,0.012
0,0,0.011
0,0,0.011
0,0,0.01
0,0,0.01
0,0,0.01
0,0,0.01
0,0,0.01
0,0,0.01
0,0,0.0099999999999999
0,0,0.00900000000000001
0,0,0.00900000000000001
0,0,0.00900000000000001
0,0,0.00800000000000001
0,0,0.00800000000000001
0,0,0.00800000000000001
0,0,0.00800000000000001
0,0,0.00799999999999995
0,0,0.0079999999999999
0,0,0.00700000000000001
0,0,0.00700000000000001
0,0,0.00600000000000001
0,0,0.00600000000000001
0,0,0.00600000000000001
0,0,0.005
0,0,0.005
0,0,0.005
0,0,0.005
0,0,0.005
0,0,0.005
0,0,0.005
0,0,0.005
0,0,0.005
0,0,0.004
0,0,0.004
0,0,0.004
0,0,0.004
0,0,0.004
0,0,0.003
0,0,0.003
0,0,0.003
0,0,0.003
0,0,0.00223606797749969
0,0,0.002
0,0,0.002
0,0,0.002
0,0,0.002
0,0,0.002
0,0,0.002
0,0,0.002
0,0,0.002
0,0,0.002
0,0,0.002
0,0,0.002
0,0,0.0014142135623731
0,0,0.001
0,0,0.001
0,0,0.001
0,0,0.001
0,0,0.001
0,0,0.001
0,0,0.001
0,0,0.001
0,0,0.001
0,0,0.001
0,0,0.001
1,0.234002136742381,0.319189598828032
1,0.106169675519896,0.118473625756959
1,0.0555697759577992,0.0590084739677278
1,0.0974166310236604,0.1000199980004
