"dimension","Birth","Death"
0,0,1
0,0,0.162
0,0,0.106
0,0,0.073
0,0,0.072
0,0,0.06
0,0,0.049
0,0,0.047
0,0,0.042
0,0,0.036
0,0,0.036
0,0,0.034
0,0,0.034
0,0,0.032
0,0,0.032
0,0,0.0289999999999999
0,0,0.019
0,0,0.012
0,0,0.01
0,0,0.01
0,0,0.00900000000000001
0,0,0.00900000000000001
0,0,0.00799999999999999
0,0,0.007
0,0,0.007
0,0,0.00600000000000001
0,0,0.005
0,0,0.005
0,0,0.005
0,0,0.00499999999999999
0,0,0.00499999999999998
0,0,0.004
0,0,0.003
0,0,0.003
0,0,0.003
0,0,0.003
0,0,0.00299999999999999
0,0,0.002
