"dimension","Birth","Death"
0,0,1
0,0,0.175
0,0,0.114
0,0,0.099
0,0,0.069
0,0,0.0659999999999999
0,0,0.053
0,0,0.041
0,0,0.035
0,0,0.031
0,0,0.027
0,0,0.025
0,0,0.023
0,0,0.023
0,0,0.02
0,0,0.018
0,0,0.014
0,0,0.013
0,0,0.013
0,0,0.011
0,0,0.01
0,0,0.00900000000000001
0,0,0.00899999999999999
0,0,0.00799999999999998
0,0,0.00600000000000001
0,0,0.006
0,0,0.005
0,0,0.005
0,0,0.005
0,0,0.00499999999999998
0,0,0.004
0,0,0.004
0,0,0.004
0,0,0.004
0,0,0.003
0,0,0.003
0,0,0.002
0,0,0.002
0,0,0.002
0,0,0.002
0,0,0.002
0,0,0.002
0,0,0.002
0,0,0.002
0,0,0.00199999999999999
0,0,0.001
0,0,0.001
0,0,0.001
0,0,0.001
0,0,0.001
0,0,0.001
0,0,0.001
0,0,0.001
0,0,0.001
0,0,0.001
0,0,0.001
0,0,0.001
0,0,0.001
0,0,0.001
0,0,0.000999999999999999
0,0,0.000999999999999999
0,0,0.000999999999999997
0,0,0.000999999999999997
0,0,0.000999999999999994
