"dimension","Birth","Death"
0,0,1
0,0,0.103
0,0,0.065
0,0,0.0639999999999999
0,0,0.0519999999999999
0,0,0.05
0,0,0.048
0,0,0.047
0,0,0.044
0,0,0.044
0,0,0.0399999999999999
0,0,0.039
0,0,0.036
0,0,0.035
0,0,0.034
0,0,0.029
0,0,0.0249999999999999
0,0,0.024
0,0,0.024
0,0,0.016
0,0,0.012
0,0,0.011
0,0,0.011
0,0,0.01
0,0,0.00900000000000001
0,0,0.00900000000000001
0,0,0.00800000000000001
0,0,0.00600000000000001
0,0,0.005
0,0,0.004
0,0,0.003
0,0,0.003
0,0,0.001
