"dimension","Birth","Death"
0,0,1
0,0,0.119
0,0,0.0609999999999999
0,0,0.031
0,0,0.026
0,0,0.021
0,0,0.00600000000000001
0,0,0.00600000000000001
0,0,0.004
0,0,0.001
