"dimension","Birth","Death"
0,0,1
0,0,0.103
0,0,0.101
0,0,0.087
0,0,0.08
0,0,0.073
0,0,0.0690000000000001
0,0,0.041
0,0,0.0359999999999999
0,0,0.035
0,0,0.035
0,0,0.034
0,0,0.028
0,0,0.025
0,0,0.02
0,0,0.02
0,0,0.019
0,0,0.017
0,0,0.016
0,0,0.0149999999999999
0,0,0.00900000000000001
0,0,0.00800000000000001
0,0,0.00800000000000001
0,0,0.00499999999999998
0,0,0.004
0,0,0.003
0,0,0.003
