"dimension","Birth","Death"
0,0,1
0,0,0.135
0,0,0.091
0,0,0.0570000000000001
0,0,0.0529999999999999
0,0,0.043
0,0,0.0349999999999999
0,0,0.034
0,0,0.023
0,0,0.022
0,0,0.021
0,0,0.021
0,0,0.021
0,0,0.021
0,0,0.02
0,0,0.02
0,0,0.02
0,0,0.019
0,0,0.019
0,0,0.018
0,0,0.017
0,0,0.017
0,0,0.014
0,0,0.013
0,0,0.013
0,0,0.012
0,0,0.01
0,0,0.01
0,0,0.00999999999999998
0,0,0.00900000000000001
0,0,0.00900000000000001
0,0,0.00799999999999998
0,0,0.00799999999999998
0,0,0.00700000000000001
0,0,0.00700000000000001
0,0,0.00700000000000001
0,0,0.00699999999999999
0,0,0.00600000000000001
0,0,0.00600000000000001
0,0,0.00600000000000001
0,0,0.006
0,0,0.005
0,0,0.005
0,0,0.005
0,0,0.005
0,0,0.004
0,0,0.004
0,0,0.00399999999999999
0,0,0.003
0,0,0.003
0,0,0.003
0,0,0.003
0,0,0.003
0,0,0.003
0,0,0.003
0,0,0.003
0,0,0.003
0,0,0.003
0,0,0.003
0,0,0.003
0,0,0.003
0,0,0.003
0,0,0.002
0,0,0.002
0,0,0.002
0,0,0.002
0,0,0.002
0,0,0.002
0,0,0.002
0,0,0.001
0,0,0.001
0,0,0.001
0,0,0.001
0,0,0.001
0,0,0.001
0,0,0.001
0,0,0.001
0,0,0.001
0,0,0.001
0,0,0.001
0,0,0.000999999999999999
0,0,0.000999999999999987
