"dimension","Birth","Death"
0,0,1
0,0,0.37
0,0,0.07
0,0,0.054
0,0,0.053
0,0,0.033
0,0,0.023
0,0,0.017
0,0,0.00799999999999999
0,0,0.00700000000000001
0,0,0.00599999999999995
0,0,0.005
0,0,0.00499999999999999
0,0,0.004
0,0,0.004
0,0,0.003
0,0,0.003
0,0,0.002
0,0,0.002
0,0,0.002
0,0,0.002
0,0,0.002
0,0,0.002
0,0,0.002
0,0,0.002
0,0,0.002
0,0,0.002
0,0,0.002
0,0,0.002
0,0,0.002
0,0,0.002
0,0,0.002
0,0,0.002
0,0,0.002
0,0,0.00199999999999999
0,0,0.00199999999999999
0,0,0.001
0,0,0.001
0,0,0.001
0,0,0.001
0,0,0.001
0,0,0.001
0,0,0.001
0,0,0.001
0,0,0.001
0,0,0.001
0,0,0.001
0,0,0.001
0,0,0.001
0,0,0.001
0,0,0.001
0,0,0.001
0,0,0.001
0,0,0.001
0,0,0.001
0,0,0.001
0,0,0.001
0,0,0.001
0,0,0.001
0,0,0.001
0,0,0.001
0,0,0.001
0,0,0.001
0,0,0.001
0,0,0.001
0,0,0.001
0,0,0.001
0,0,0.000999999999999999
0,0,0.000999999999999999
0,0,0.000999999999999997
0,0,0.000999999999999997
0,0,0.000999999999999997
0,0,0.000999999999999994
0,0,0.000999999999999994
0,0,0.000999999999999994
