"dimension","Birth","Death"
0,0,1
0,0,0.078
0,0,0.061
0,0,0.051
0,0,0.046
0,0,0.041
0,0,0.04
0,0,0.0389999999999999
0,0,0.035
0,0,0.0319999999999999
0,0,0.028
0,0,0.028
0,0,0.022
0,0,0.021
0,0,0.0209999999999999
0,0,0.019
0,0,0.019
0,0,0.019
0,0,0.018
0,0,0.0179999999999999
0,0,0.017
0,0,0.016
0,0,0.015
0,0,0.014
0,0,0.013
0,0,0.013
0,0,0.013
0,0,0.012
0,0,0.012
0,0,0.012
0,0,0.011
0,0,0.01
0,0,0.01
0,0,0.01
0,0,0.01
0,0,0.00900000000000001
0,0,0.00900000000000001
0,0,0.00900000000000001
0,0,0.00899999999999995
0,0,0.00800000000000001
0,0,0.00800000000000001
0,0,0.00800000000000001
0,0,0.00800000000000001
0,0,0.00800000000000001
0,0,0.00799999999999999
0,0,0.00600000000000001
0,0,0.00600000000000001
0,0,0.00600000000000001
0,0,0.005
0,0,0.005
0,0,0.004
0,0,0.004
0,0,0.004
0,0,0.004
0,0,0.004
0,0,0.004
0,0,0.003
0,0,0.002
0,0,0.002
0,0,0.002
0,0,0.002
0,0,0.002
0,0,0.002
0,0,0.002
0,0,0.002
0,0,0.001
0,0,0.001
0,0,0.001
0,0,0.001
0,0,0.001
