"dimension","Birth","Death"
0,0,1
0,0,0.078
0,0,0.048
0,0,0.043
0,0,0.036
0,0,0.036
0,0,0.035
0,0,0.0329999999999999
0,0,0.032
0,0,0.0319999999999999
0,0,0.028
0,0,0.027
0,0,0.026
0,0,0.025
0,0,0.024
0,0,0.023
0,0,0.0229999999999999
0,0,0.021
0,0,0.021
0,0,0.02
0,0,0.018
0,0,0.017
0,0,0.016
0,0,0.016
0,0,0.016
0,0,0.014
0,0,0.014
0,0,0.014
0,0,0.013
0,0,0.012
0,0,0.012
0,0,0.012
0,0,0.011
0,0,0.011
0,0,0.00900000000000001
0,0,0.00900000000000001
0,0,0.00800000000000001
0,0,0.00800000000000001
0,0,0.008
0,0,0.00700000000000001
0,0,0.007
0,0,0.00699999999999999
0,0,0.00600000000000001
0,0,0.00600000000000001
0,0,0.00600000000000001
0,0,0.00599999999999999
0,0,0.005
0,0,0.005
0,0,0.004
0,0,0.004
0,0,0.004
0,0,0.004
0,0,0.004
0,0,0.004
0,0,0.004
0,0,0.004
0,0,0.003
0,0,0.003
0,0,0.003
0,0,0.003
0,0,0.003
0,0,0.003
0,0,0.003
0,0,0.003
0,0,0.003
0,0,0.002
0,0,0.002
0,0,0.002
0,0,0.002
0,0,0.002
0,0,0.002
0,0,0.002
0,0,0.002
0,0,0.002
0,0,0.002
0,0,0.002
0,0,0.002
0,0,0.002
0,0,0.001
0,0,0.001
0,0,0.001
0,0,0.001
0,0,0.001
0,0,0.001
0,0,0.001
0,0,0.001
0,0,0.000999999999999945
