"dimension","Birth","Death"
0,0,1
0,0,0.107
0,0,0.05
0,0,0.034
0,0,0.034
0,0,0.03
0,0,0.0299999999999999
0,0,0.024
0,0,0.023
0,0,0.0229999999999999
0,0,0.022
0,0,0.019
0,0,0.019
0,0,0.018
0,0,0.018
0,0,0.0169999999999999
0,0,0.0159999999999999
0,0,0.015
0,0,0.015
0,0,0.014
0,0,0.014
0,0,0.013
0,0,0.013
0,0,0.012
0,0,0.011
0,0,0.011
0,0,0.011
0,0,0.011
0,0,0.011
0,0,0.011
0,0,0.011
0,0,0.01
0,0,0.01
0,0,0.01
0,0,0.00900000000000001
0,0,0.00900000000000001
0,0,0.00900000000000001
0,0,0.00900000000000001
0,0,0.00900000000000001
0,0,0.00800000000000001
0,0,0.00800000000000001
0,0,0.00800000000000001
0,0,0.00800000000000001
0,0,0.00800000000000001
0,0,0.00700000000000001
0,0,0.00700000000000001
0,0,0.00700000000000001
0,0,0.00699999999999995
0,0,0.00600000000000001
0,0,0.00600000000000001
0,0,0.00600000000000001
0,0,0.005
0,0,0.005
0,0,0.004
0,0,0.004
0,0,0.004
0,0,0.004
0,0,0.003
0,0,0.003
0,0,0.003
0,0,0.003
0,0,0.003
0,0,0.003
0,0,0.003
0,0,0.003
0,0,0.003
0,0,0.003
0,0,0.002
0,0,0.002
0,0,0.002
0,0,0.002
0,0,0.002
0,0,0.002
0,0,0.001
0,0,0.001
0,0,0.001
0,0,0.001
0,0,0.001
0,0,0.001
0,0,0.001
0,0,0.001
