"dimension","Birth","Death"
0,0,1
0,0,0.079
0,0,0.0690000000000001
0,0,0.0599999999999999
0,0,0.057
0,0,0.0509999999999999
0,0,0.049
0,0,0.04
0,0,0.039
0,0,0.031
0,0,0.029
0,0,0.029
0,0,0.0259999999999999
0,0,0.025
0,0,0.024
0,0,0.021
0,0,0.02
0,0,0.019
0,0,0.017
0,0,0.017
0,0,0.016
0,0,0.015
0,0,0.012
0,0,0.011
0,0,0.011
0,0,0.011
0,0,0.01
0,0,0.01
0,0,0.01
0,0,0.01
0,0,0.01
0,0,0.00900000000000001
0,0,0.00900000000000001
0,0,0.00900000000000001
0,0,0.00800000000000001
0,0,0.008
0,0,0.008
0,0,0.00700000000000001
0,0,0.00600000000000001
0,0,0.00600000000000001
0,0,0.00600000000000001
0,0,0.00600000000000001
0,0,0.006
0,0,0.00599999999999999
0,0,0.005
0,0,0.005
0,0,0.005
0,0,0.004
0,0,0.004
0,0,0.004
0,0,0.004
0,0,0.004
0,0,0.004
0,0,0.003
0,0,0.003
0,0,0.003
0,0,0.003
0,0,0.002
0,0,0.002
0,0,0.002
0,0,0.002
0,0,0.002
0,0,0.002
0,0,0.002
0,0,0.002
0,0,0.001
0,0,0.001
0,0,0.001
0,0,0.001
0,0,0.000999999999999997
0,0,0.000999999999999994
