"dimension","Birth","Death"
0,0,1
0,0,0.093
0,0,0.086
0,0,0.0760000000000001
0,0,0.073
0,0,0.056
0,0,0.0479999999999999
0,0,0.038
0,0,0.036
0,0,0.035
0,0,0.034
0,0,0.03
0,0,0.025
0,0,0.024
0,0,0.023
0,0,0.022
0,0,0.021
0,0,0.021
0,0,0.017
0,0,0.016
0,0,0.015
0,0,0.014
0,0,0.014
0,0,0.012
0,0,0.012
0,0,0.011
0,0,0.01
0,0,0.00900000000000001
0,0,0.00700000000000001
0,0,0.00699999999999998
0,0,0.00699999999999998
0,0,0.00600000000000001
0,0,0.00600000000000001
0,0,0.006
0,0,0.005
0,0,0.005
0,0,0.005
0,0,0.005
0,0,0.00499999999999998
0,0,0.004
0,0,0.004
0,0,0.004
0,0,0.004
0,0,0.004
0,0,0.004
0,0,0.004
0,0,0.004
0,0,0.004
0,0,0.003
0,0,0.003
0,0,0.003
0,0,0.002
0,0,0.002
0,0,0.002
0,0,0.002
0,0,0.001
0,0,0.001
0,0,0.001
0,0,0.001
0,0,0.001
0,0,0.001
0,0,0.000999999999999997
