"dimension","Birth","Death"
0,0,1
0,0,0.0670000000000001
0,0,0.049
0,0,0.044
0,0,0.04
0,0,0.029
0,0,0.025
0,0,0.024
0,0,0.024
0,0,0.023
0,0,0.02
0,0,0.019
0,0,0.018
0,0,0.016
0,0,0.016
0,0,0.0159999999999999
0,0,0.015
0,0,0.014
0,0,0.014
0,0,0.014
0,0,0.014
0,0,0.0139999999999999
0,0,0.013
0,0,0.013
0,0,0.013
0,0,0.0129999999999999
0,0,0.012
0,0,0.012
0,0,0.012
0,0,0.011
0,0,0.011
0,0,0.011
0,0,0.011
0,0,0.01
0,0,0.01
0,0,0.00999999999999998
0,0,0.00900000000000001
0,0,0.00900000000000001
0,0,0.00900000000000001
0,0,0.00900000000000001
0,0,0.00900000000000001
0,0,0.00900000000000001
0,0,0.00800000000000001
0,0,0.00800000000000001
0,0,0.00799999999999998
0,0,0.00700000000000001
0,0,0.00700000000000001
0,0,0.00700000000000001
0,0,0.00700000000000001
0,0,0.00700000000000001
0,0,0.00600000000000001
0,0,0.00600000000000001
0,0,0.00600000000000001
0,0,0.00600000000000001
0,0,0.00600000000000001
0,0,0.00600000000000001
0,0,0.00599999999999995
0,0,0.005
0,0,0.005
0,0,0.005
0,0,0.005
0,0,0.005
0,0,0.005
0,0,0.004
0,0,0.004
0,0,0.004
0,0,0.004
0,0,0.003
0,0,0.003
0,0,0.003
0,0,0.003
0,0,0.003
0,0,0.003
0,0,0.003
0,0,0.003
0,0,0.003
0,0,0.003
0,0,0.003
0,0,0.003
0,0,0.003
0,0,0.00299999999999997
0,0,0.00299999999999995
0,0,0.00299999999999989
0,0,0.002
0,0,0.002
0,0,0.002
0,0,0.002
0,0,0.002
0,0,0.002
0,0,0.00199999999999997
0,0,0.001
0,0,0.001
0,0,0.001
