"dimension","Birth","Death"
0,0,1
0,0,0.216
0,0,0.198
0,0,0.0700000000000001
0,0,0.068
0,0,0.042
0,0,0.029
0,0,0.029
0,0,0.028
0,0,0.028
0,0,0.024
0,0,0.023
0,0,0.022
0,0,0.021
0,0,0.019
0,0,0.017
0,0,0.016
0,0,0.011
0,0,0.01
0,0,0.00999999999999995
0,0,0.00899999999999998
0,0,0.00800000000000001
0,0,0.00799999999999999
0,0,0.00799999999999999
0,0,0.00700000000000001
0,0,0.007
0,0,0.00600000000000001
0,0,0.00600000000000001
0,0,0.00499999999999999
0,0,0.004
0,0,0.004
0,0,0.004
0,0,0.003
0,0,0.002
0,0,0.00199999999999999
0,0,0.001
0,0,0.001
0,0,0.001
0,0,0.001
0,0,0.001
0,0,0.001
0,0,0.001
0,0,0.001
0,0,0.001
0,0,0.001
0,0,0.001
0,0,0.001
0,0,0.001
0,0,0.001
0,0,0.001
0,0,0.001
0,0,0.001
0,0,0.001
0,0,0.001
0,0,0.001
0,0,0.001
0,0,0.001
0,0,0.001
0,0,0.001
0,0,0.001
0,0,0.000999999999999999
0,0,0.000999999999999999
0,0,0.000999999999999999
0,0,0.000999999999999999
0,0,0.000999999999999997
0,0,0.000999999999999997
0,0,0.000999999999999997
0,0,0.000999999999999997
