"dimension","Birth","Death"
0,0,1
0,0,0.171
0,0,0.148
0,0,0.118
0,0,0.113
0,0,0.061
0,0,0.0580000000000001
0,0,0.047
0,0,0.035
0,0,0.029
0,0,0.028
0,0,0.02
0,0,0.019
0,0,0.01
0,0,0.00900000000000001
0,0,0.00900000000000001
0,0,0.00799999999999998
0,0,0.00700000000000001
0,0,0.00700000000000001
0,0,0.00600000000000001
0,0,0.006
0,0,0.005
0,0,0.005
0,0,0.005
0,0,0.005
0,0,0.00499999999999989
0,0,0.004
0,0,0.004
0,0,0.003
0,0,0.003
0,0,0.003
0,0,0.003
0,0,0.00299999999999999
0,0,0.00299999999999999
0,0,0.002
0,0,0.002
0,0,0.002
0,0,0.002
0,0,0.002
0,0,0.002
0,0,0.002
0,0,0.002
0,0,0.002
0,0,0.002
0,0,0.00199999999999999
0,0,0.00199999999999999
0,0,0.001
0,0,0.001
0,0,0.001
0,0,0.001
0,0,0.001
0,0,0.001
0,0,0.001
0,0,0.001
0,0,0.001
0,0,0.001
0,0,0.000999999999999994
0,0,0.000999999999999994
