"dimension","Birth","Death"
0,0,1
0,0,0.275
0,0,0.183
0,0,0.176
0,0,0.138
0,0,0.036
0,0,0.033
0,0,0.0279999999999999
0,0,0.014
0,0,0.00700000000000001
0,0,0.004
0,0,0.004
0,0,0.003
0,0,0.002
0,0,0.002
0,0,0.002
0,0,0.002
0,0,0.002
0,0,0.002
0,0,0.002
0,0,0.001
0,0,0.001
0,0,0.001
0,0,0.001
0,0,0.001
0,0,0.001
0,0,0.001
0,0,0.001
0,0,0.001
0,0,0.001
0,0,0.001
0,0,0.001
0,0,0.001
0,0,0.001
0,0,0.001
0,0,0.001
0,0,0.001
0,0,0.000999999999999987
