"dimension","Birth","Death"
0,0,1
0,0,0.0620000000000001
0,0,0.0559999999999999
0,0,0.053
0,0,0.0509999999999999
0,0,0.042
0,0,0.041
0,0,0.04
0,0,0.034
0,0,0.033
0,0,0.032
0,0,0.031
0,0,0.029
0,0,0.029
0,0,0.027
0,0,0.024
0,0,0.024
0,0,0.022
0,0,0.0189999999999999
0,0,0.018
0,0,0.017
0,0,0.016
0,0,0.016
0,0,0.015
0,0,0.015
0,0,0.013
0,0,0.012
0,0,0.012
0,0,0.012
0,0,0.01
0,0,0.00999999999999995
0,0,0.00900000000000001
0,0,0.00800000000000001
0,0,0.00700000000000001
0,0,0.0069999999999999
0,0,0.00600000000000001
0,0,0.00600000000000001
0,0,0.005
0,0,0.00499999999999995
0,0,0.004
0,0,0.004
0,0,0.003
0,0,0.002
0,0,0.002
0,0,0.001
0,0,0.001
0,0,0.001
