"dimension","Birth","Death"
0,0,1
0,0,0.24
0,0,0.164
0,0,0.11
0,0,0.0960000000000001
0,0,0.087
0,0,0.0630000000000001
0,0,0.019
0,0,0.019
0,0,0.017
0,0,0.015
0,0,0.015
0,0,0.013
0,0,0.012
0,0,0.011
0,0,0.0099999999999999
0,0,0.00899999999999999
0,0,0.00800000000000001
0,0,0.00700000000000001
0,0,0.006
0,0,0.005
0,0,0.004
0,0,0.004
0,0,0.004
0,0,0.003
0,0,0.003
0,0,0.003
0,0,0.00299999999999999
0,0,0.002
0,0,0.002
0,0,0.002
0,0,0.002
0,0,0.002
0,0,0.002
0,0,0.002
0,0,0.002
0,0,0.00199999999999999
0,0,0.001
0,0,0.001
0,0,0.001
0,0,0.001
0,0,0.001
0,0,0.001
0,0,0.001
0,0,0.001
0,0,0.001
0,0,0.001
0,0,0.001
0,0,0.001
0,0,0.001
0,0,0.001
0,0,0.001
0,0,0.001
0,0,0.001
0,0,0.001
0,0,0.001
0,0,0.001
0,0,0.000999999999999999
0,0,0.000999999999999999
0,0,0.000999999999999997
0,0,0.000999999999999997
0,0,0.000999999999999997
0,0,0.000999999999999994
0,0,0.000999999999999987
