"dimension","Birth","Death"
0,0,1
0,0,0.248
0,0,0.0639999999999999
0,0,0.0389999999999999
0,0,0.037
0,0,0.035
0,0,0.031
0,0,0.03
0,0,0.029
0,0,0.027
0,0,0.026
0,0,0.026
0,0,0.026
0,0,0.0259999999999999
0,0,0.024
0,0,0.022
0,0,0.019
0,0,0.018
0,0,0.015
0,0,0.014
0,0,0.013
0,0,0.013
0,0,0.0129999999999999
0,0,0.012
0,0,0.011
0,0,0.00900000000000001
0,0,0.00800000000000001
0,0,0.00800000000000001
0,0,0.00800000000000001
0,0,0.00800000000000001
0,0,0.00700000000000001
0,0,0.00700000000000001
0,0,0.005
0,0,0.005
0,0,0.004
0,0,0.004
0,0,0.004
0,0,0.002
0,0,0.002
0,0,0.001
0,0,0.001
0,0,0.001
