"dimension","Birth","Death"
0,0,1
0,0,0.0850000000000001
0,0,0.071
0,0,0.0640000000000001
0,0,0.058
0,0,0.0559999999999999
0,0,0.051
0,0,0.049
0,0,0.0479999999999999
0,0,0.0479999999999999
0,0,0.044
0,0,0.035
0,0,0.032
0,0,0.0309999999999999
0,0,0.025
0,0,0.025
0,0,0.025
0,0,0.021
0,0,0.019
0,0,0.018
0,0,0.016
0,0,0.015
0,0,0.014
0,0,0.013
0,0,0.012
0,0,0.01
0,0,0.01
0,0,0.00900000000000001
0,0,0.00799999999999998
0,0,0.00600000000000001
0,0,0.005
0,0,0.005
0,0,0.004
0,0,0.00399999999999999
0,0,0.002
0,0,0.001
0,0,0.001
