"dimension","Birth","Death"
0,0,1
0,0,0.079
0,0,0.05
0,0,0.0469999999999999
0,0,0.043
0,0,0.0419999999999999
0,0,0.0399999999999999
0,0,0.038
0,0,0.038
0,0,0.036
0,0,0.036
0,0,0.036
0,0,0.034
0,0,0.03
0,0,0.02
0,0,0.019
0,0,0.019
0,0,0.019
0,0,0.019
0,0,0.018
0,0,0.016
0,0,0.014
0,0,0.014
0,0,0.014
0,0,0.014
0,0,0.013
0,0,0.013
0,0,0.013
0,0,0.011
0,0,0.011
0,0,0.011
0,0,0.01
0,0,0.00900000000000001
0,0,0.00800000000000001
0,0,0.00800000000000001
0,0,0.00800000000000001
0,0,0.008
0,0,0.00799999999999998
0,0,0.00700000000000001
0,0,0.00700000000000001
0,0,0.00700000000000001
0,0,0.00600000000000001
0,0,0.00600000000000001
0,0,0.00600000000000001
0,0,0.00599999999999998
0,0,0.005
0,0,0.005
0,0,0.005
0,0,0.00499999999999999
0,0,0.004
0,0,0.004
0,0,0.004
0,0,0.004
0,0,0.00399999999999999
0,0,0.003
0,0,0.003
0,0,0.002
0,0,0.002
0,0,0.002
0,0,0.00199999999999989
0,0,0.001
0,0,0.001
0,0,0.001
0,0,0.001
0,0,0.001
0,0,0.000999999999999997
