"dimension","Birth","Death"
0,0,1
0,0,0.072
0,0,0.0630000000000001
0,0,0.054
0,0,0.0519999999999999
0,0,0.039
0,0,0.038
0,0,0.0339999999999999
0,0,0.033
0,0,0.025
0,0,0.024
0,0,0.023
0,0,0.022
0,0,0.021
0,0,0.021
0,0,0.02
0,0,0.02
0,0,0.02
0,0,0.017
0,0,0.0159999999999999
0,0,0.015
0,0,0.015
0,0,0.014
0,0,0.012
0,0,0.012
0,0,0.012
0,0,0.012
0,0,0.011
0,0,0.0109999999999999
0,0,0.01
0,0,0.01
0,0,0.00900000000000001
0,0,0.00900000000000001
0,0,0.00800000000000001
0,0,0.00799999999999998
0,0,0.00700000000000001
0,0,0.00700000000000001
0,0,0.00700000000000001
0,0,0.00600000000000001
0,0,0.00600000000000001
0,0,0.005
0,0,0.005
0,0,0.005
0,0,0.005
0,0,0.005
0,0,0.00499999999999995
0,0,0.004
0,0,0.004
0,0,0.004
0,0,0.004
0,0,0.004
0,0,0.004
0,0,0.003
0,0,0.003
0,0,0.003
0,0,0.003
0,0,0.003
0,0,0.003
0,0,0.002
0,0,0.002
0,0,0.002
0,0,0.002
0,0,0.002
0,0,0.002
0,0,0.002
0,0,0.002
0,0,0.001
0,0,0.001
0,0,0.001
0,0,0.001
0,0,0.001
0,0,0.001
0,0,0.001
0,0,0.001
0,0,0.001
0,0,0.001
0,0,0.001
0,0,0.001
0,0,0.001
