"dimension","Birth","Death"
0,0,1
0,0,0.078
0,0,0.053
0,0,0.044
0,0,0.04
0,0,0.033
0,0,0.033
0,0,0.03
0,0,0.027
0,0,0.027
0,0,0.027
0,0,0.0259999999999999
0,0,0.025
0,0,0.024
0,0,0.023
0,0,0.023
0,0,0.021
0,0,0.021
0,0,0.02
0,0,0.02
0,0,0.019
0,0,0.0169999999999999
0,0,0.016
0,0,0.014
0,0,0.014
0,0,0.014
0,0,0.0139999999999999
0,0,0.013
0,0,0.013
0,0,0.013
0,0,0.011
0,0,0.011
0,0,0.011
0,0,0.011
0,0,0.0109999999999999
0,0,0.01
0,0,0.00900000000000001
0,0,0.00900000000000001
0,0,0.00800000000000001
0,0,0.00800000000000001
0,0,0.00700000000000001
0,0,0.00700000000000001
0,0,0.00700000000000001
0,0,0.00600000000000001
0,0,0.004
0,0,0.004
0,0,0.004
0,0,0.004
0,0,0.003
0,0,0.003
0,0,0.003
0,0,0.003
0,0,0.002
0,0,0.002
0,0,0.002
0,0,0.002
0,0,0.002
0,0,0.002
0,0,0.002
0,0,0.001
0,0,0.001
0,0,0.001
