"dimension","Birth","Death"
0,0,1
0,0,0.138
0,0,0.136
0,0,0.125
0,0,0.095
0,0,0.094
0,0,0.088
0,0,0.059
0,0,0.0409999999999999
0,0,0.032
0,0,0.021
0,0,0.018
0,0,0.01
0,0,0.01
0,0,0.00900000000000001
0,0,0.00899999999999999
0,0,0.00800000000000001
0,0,0.008
0,0,0.008
0,0,0.00700000000000001
0,0,0.00599999999999999
0,0,0.005
0,0,0.005
0,0,0.005
0,0,0.005
0,0,0.004
0,0,0.004
0,0,0.003
0,0,0.003
0,0,0.003
0,0,0.003
0,0,0.00299999999999999
0,0,0.002
0,0,0.002
0,0,0.002
0,0,0.002
0,0,0.002
0,0,0.002
0,0,0.00199999999999999
0,0,0.001
0,0,0.001
0,0,0.001
0,0,0.001
0,0,0.001
0,0,0.001
0,0,0.001
0,0,0.001
0,0,0.001
0,0,0.001
0,0,0.001
0,0,0.001
0,0,0.001
0,0,0.001
0,0,0.001
0,0,0.000999999999999994
