"dimension","Birth","Death"
0,0,1
0,0,0.04
0,0,0.039
0,0,0.031
0,0,0.031
0,0,0.029
0,0,0.029
0,0,0.028
0,0,0.0279999999999999
0,0,0.026
0,0,0.0259999999999999
0,0,0.024
0,0,0.023
0,0,0.022
0,0,0.021
0,0,0.021
0,0,0.021
0,0,0.02
0,0,0.018
0,0,0.017
0,0,0.016
0,0,0.016
0,0,0.015
0,0,0.015
0,0,0.015
0,0,0.015
0,0,0.015
0,0,0.014
0,0,0.014
0,0,0.013
0,0,0.012
0,0,0.012
0,0,0.012
0,0,0.011
0,0,0.011
0,0,0.011
0,0,0.011
0,0,0.011
0,0,0.01
0,0,0.01
0,0,0.00900000000000001
0,0,0.00900000000000001
0,0,0.0089999999999999
0,0,0.00800000000000001
0,0,0.00800000000000001
0,0,0.00700000000000001
0,0,0.007
0,0,0.007
0,0,0.00699999999999999
0,0,0.0069999999999999
0,0,0.00600000000000001
0,0,0.00600000000000001
0,0,0.00600000000000001
0,0,0.00600000000000001
0,0,0.006
0,0,0.00599999999999998
0,0,0.005
0,0,0.005
0,0,0.005
0,0,0.005
0,0,0.005
0,0,0.005
0,0,0.00499999999999999
0,0,0.00499999999999999
0,0,0.004
0,0,0.004
0,0,0.004
0,0,0.004
0,0,0.004
0,0,0.003
0,0,0.003
0,0,0.003
0,0,0.003
0,0,0.003
0,0,0.003
0,0,0.003
0,0,0.003
0,0,0.003
0,0,0.003
0,0,0.003
0,0,0.002
0,0,0.002
0,0,0.002
0,0,0.002
0,0,0.002
0,0,0.002
0,0,0.002
0,0,0.001
0,0,0.001
0,0,0.001
0,0,0.001
0,0,0.001
0,0,0.001
0,0,0.001
0,0,0.001
0,0,0.001
0,0,0.001
0,0,0.001
0,0,0.001
0,0,0.001
0,0,0.001
0,0,0.001
0,0,0.001
0,0,0.000999999999999997
0,0,0.000999999999999973
