"dimension","Birth","Death"
0,0,1
0,0,0.238
0,0,0.168
0,0,0.097
0,0,0.096
0,0,0.073
0,0,0.047
0,0,0.044
0,0,0.036
0,0,0.026
0,0,0.026
0,0,0.018
0,0,0.017
0,0,0.014
0,0,0.011
0,0,0.00999999999999995
0,0,0.00900000000000001
0,0,0.00800000000000001
0,0,0.008
0,0,0.00600000000000001
0,0,0.00600000000000001
0,0,0.005
0,0,0.005
0,0,0.004
0,0,0.003
0,0,0.003
0,0,0.00299999999999989
0,0,0.002
0,0,0.002
0,0,0.00199999999999997
0,0,0.001
0,0,0.001
0,0,0.001
0,0,0.001
0,0,0.001
