"dimension","Birth","Death"
0,0,1
0,0,0.161
0,0,0.078
0,0,0.0750000000000001
0,0,0.066
0,0,0.063
0,0,0.0579999999999999
0,0,0.0539999999999999
0,0,0.046
0,0,0.045
0,0,0.035
0,0,0.033
0,0,0.032
0,0,0.021
0,0,0.019
0,0,0.018
0,0,0.016
0,0,0.015
0,0,0.015
0,0,0.014
0,0,0.013
0,0,0.013
0,0,0.012
0,0,0.012
0,0,0.01
0,0,0.00900000000000001
0,0,0.00899999999999998
0,0,0.00600000000000001
0,0,0.00600000000000001
0,0,0.00600000000000001
0,0,0.001
0,0,0.001
0,0,0.001
