"dimension","Birth","Death"
0,0,1
0,0,0.075
0,0,0.057
0,0,0.05
0,0,0.047
0,0,0.027
0,0,0.017
0,0,0.013
0,0,0.01
0,0,0.00899999999999998
0,0,0.008
0,0,0.00700000000000001
0,0,0.00700000000000001
0,0,0.007
0,0,0.004
0,0,0.004
0,0,0.003
0,0,0.003
0,0,0.003
0,0,0.003
0,0,0.002
0,0,0.002
0,0,0.002
0,0,0.001
0,0,0.001
0,0,0.001
0,0,0.001
0,0,0.001
0,0,0.000999999999999999
0,0,0.000999999999999997
0,0,0.000999999999999994
