"dimension","Birth","Death"
0,0,1
0,0,0.134
0,0,0.092
0,0,0.0639999999999999
0,0,0.056
0,0,0.046
0,0,0.042
0,0,0.033
0,0,0.033
0,0,0.032
0,0,0.032
0,0,0.027
0,0,0.0269999999999999
0,0,0.023
0,0,0.023
0,0,0.02
0,0,0.02
0,0,0.019
0,0,0.019
0,0,0.017
0,0,0.016
0,0,0.016
0,0,0.014
0,0,0.012
0,0,0.012
0,0,0.012
0,0,0.011
0,0,0.011
0,0,0.011
0,0,0.01
0,0,0.01
0,0,0.00900000000000001
0,0,0.00800000000000001
0,0,0.00800000000000001
0,0,0.00699999999999995
0,0,0.005
0,0,0.005
0,0,0.005
0,0,0.005
0,0,0.004
0,0,0.004
0,0,0.004
0,0,0.003
0,0,0.003
0,0,0.00299999999999999
0,0,0.002
0,0,0.002
0,0,0.002
0,0,0.002
0,0,0.002
0,0,0.001
0,0,0.001
0,0,0.001
0,0,0.001
0,0,0.001
0,0,0.00099999999999989
